Sample,Index_Pool_1,Index__Seq_Pool_1,Chip_Pool_1,Position_Pool_1,BeGenDiv_Pool_1,DNA_conc,P260,P280,P260_280,P260_230
B1079,FLD0001,GTATCGTCGT,1,A1,P1_FLD0001,48.5,0.966,0.522,1.85,0.48
B9034,FLD0002,GTGTATGCGT,1,B1,P1_FLD0002,51.3,1.027,0.538,1.91,0.44
X6643,FLD0003,TGCTCGTAGT,1,C1,P1_FLD0003,51.6,1.032,0.553,1.87,1.13
B9221,FLD0004,GTCGTCGTCT,1,D1,P1_FLD0004,52.5,1.05,0.561,1.87,0.45
X6824,FLD0005,GTGCGTGTGT,1,E1,P1_FLD0005,52.4,1.049,0.566,1.85,1.38
B3321,FLD0006,GCGTCGTGTA,1,F1,P1_FLD0006,50,1.626,0.954,1.7,0.48
X8089.2,FLD0007,GTCGTGTACT,1,G1,P1_FLD0007,48.1,,,1.85,1.75
B8320,FLD0008,GATGTAGCGT,1,H1,P1_FLD0008,23.2,0.464,0.247,1.88,1.38
B4604,FLD0009,GAGTGATCGT,1,A2,P1_FLD0009,50.3,1.006,0.542,1.86,1.04
X8286,FLD0010,CGCTATCAGT,1,B2,P1_FLD0010,47,0.94,0.511,1.84,0.57
B2530,FLD0011,CGCTGTAGTC,1,C2,P1_FLD0011,51.4,1.029,0.539,1.91,1.74
X6425,FLD0012,GCTAGTGAGT,1,D2,P1_FLD0012,51.5,1.029,0.561,1.84,1.25
Negative_1,FLD0013,GAGCTAGTGA,1,E2,P1_FLD0013,,,,,
X7456,FLD0014,CGTGCTGTCA,1,F2,P1_FLD0014,49.8,0.995,0.532,1.87,1.45
B6359,FLD0015,GATCGTCTCT,1,G2,P1_FLD0015,52.4,1.051,0.542,1.94,1.09
B9837,FLD0016,GTGCTGTCGT,1,H2,P1_FLD0016,51.7,1.033,0.554,1.86,0.96
X8978,FLD0017,TGAGCGTGCT,1,A3,P1_FLD0017,51.2,1.024,0.557,1.84,0.96
B1445,FLD0018,CATGTCGTCA,1,B3,P1_FLD0018,49.2,0.985,0.534,1.84,1.01
X8661,FLD0019,TCAGTGTCTC,1,C3,P1_FLD0019,51.8,1.036,0.547,1.89,1.85
B8833,FLD0020,GTGCTCATGT,1,D3,P1_FLD0020,65,1.3,0.696,1.87,0.35
B574,FLD0021,CGTATCTCGA,1,E3,P1_FLD0021,50.7,1.013,0.545,1.86,0.21
B2905,FLD0022,GTCATGCGTC,1,F3,P1_FLD0022,52.3,1.046,0.547,1.91,0.19
B3543,FLD0023,CTATGCGATC,1,G3,P1_FLD0023,52.8,1.068,0.582,1.84,0.38
B4345,FLD0024,TGCTATGCTG,1,H3,P1_FLD0024,48.1,0.962,0.524,1.84,0.79
B8601,FLD0025,TGTGTGCATG,1,A4,P1_FLD0025,51.3,1.026,0.547,1.87,1.39
X8908.2,FLD0026,GAGTGTCACT,1,B4,P1_FLD0026,49,,,1.87,1.25
B8154,FLD0027,CTAGTCTCGT,1,C4,P1_FLD0027,50.5,1.01,0.538,1.88,1.44
Negative_2,FLD0028,GAGTGCATCT,1,D4,P1_FLD0028,,,,,
B5035,FLD0029,TGCGTAGTCG,1,E4,P1_FLD0029,49.2,0.984,0.528,1.86,0.57
B897,FLD0030,CTGTGTCGTC,1,F4,P1_FLD0030,86.5,1.729,0.973,1.78,0.92
C0047,FLD0031,CTGTAGTGCG,1,G4,P1_FLD0031,50,0.999,0.542,1.84,0.6
X7637,FLD0032,GTGCGCTAGT,1,H4,P1_FLD0032,50.8,1.016,0.554,1.83,0.35
B6506,FLD0033,TGTGCTCGCA,1,A5,P1_FLD0033,50.5,1.01,0.538,1.88,0.31
B7118,FLD0034,GATGCGAGCT,1,B5,P1_FLD0034,52.8,1.056,0.569,1.86,0.74
B7860,FLD0035,CTGTACGTGA,1,C5,P1_FLD0035,49.2,0.984,0.537,1.83,0.42
Negative_3,FLD0036,GCGATGATGA,1,D5,P1_FLD0036,,,,,
B2198,FLD0037,TGTCGAGTCA,1,E5,P1_FLD0037,50.7,1.013,0.538,1.888,1.16
B8738,FLD0038,GTCTACTGTC,1,F5,P1_FLD0038,50.1,1.001,0.553,1.81,1.36
X4350,FLD0039,CAGTCAGAGT,1,G5,P1_FLD0039,50.9,1.019,0.532,1.91,2.54
B9730,FLD0040,CGCAGTCTAT,1,H5,P1_FLD0040,52.6,1.052,0.564,1.86,1.14
X6992,FLD0041,GTATGAGCAC,1,A6,P1_FLD0041,51.3,1.027,0.557,1.84,1.66
B6279,FLD0042,CGAGTGCTGT,1,B6,P1_FLD0042,51.5,1.03,0.585,1.76,0.51
Negative_4,FLD0043,TATAGCACGC,1,C6,P1_FLD0043,,,,,
X8749,FLD0044,TCATGCGCGA,1,D6,P1_FLD0044,49.7,0.994,0.523,1.9,1.91
B8423,FLD0045,TATGCGCTGC,1,E6,P1_FLD0045,49.9,0.998,0.544,1.84,1.44
B740,FLD0046,TCTCTGTGCA,1,F6,P1_FLD0046,51.7,1.034,0.562,1.84,1.53
Negative_5,FLD0047,CTATCGCGTG,1,G6,P1_FLD0047,,,,,
X6473.2,FLD0048,TACGCTGCTG,1,H6,P1_FLD0048,48.1,0.96,0.535,1.79,0.72
X6423,FLD0049,CTGCATGATC,2,A1,P1_FLD0049,98.9,1.977,1.064,1.86,2.04
B8589,FLD0050,CGCGTATCAT,2,B1,P1_FLD0050,49.2,0.984,0.525,1.87,0.41
B9185,FLD0051,GTATCTCTCG,2,C1,P1_FLD0051,48.6,0.97,0.54,1.8,0.94
X3322,FLD0052,GCTCATATGC,2,D1,P1_FLD0052,48.8,0.976,0.542,1.8,0.67
B783,FLD0053,CACTATGTCG,2,E1,P1_FLD0053,29.4,0.588,0.325,1.81,1.23
B2400,FLD0054,TAGCGCGTAG,2,F1,P1_FLD0054,51.6,1.031,0.535,1.93,0.23
Negative_6,FLD0055,CGTCACAGTA,2,G1,P1_FLD0055,,,,,
B540,FLD0056,TCGCGTGAGA,2,H1,P1_FLD0056,51.9,1.039,0.551,1.88,0.9
X7340.2,FLD0057,TACATCGCTG,2,A2,P1_FLD0057,51.3,1.026,0.54,1.9,1.15
B3538,FLD0058,GTGAGAGACA,2,B2,P1_FLD0058,51.5,1.029,0.537,1.92,1.21
X6753,FLD0059,GACTGTACGT,2,C2,P1_FLD0059,51.8,1.035,0.559,1.85,0.87
B9030,FLD0060,GCACGTAGCT,2,D2,P1_FLD0060,49.6,0.992,0.533,1.86,0.62
B8718,FLD0061,TCACGCTATG,2,E2,P1_FLD0061,49.6,0.992,0.538,1.84,1.01
Negative_7,FLD0062,CGTACTACGT,2,F2,P1_FLD0062,,,,,
B9823,FLD0063,CAGCTGAGTA,2,G2,P1_FLD0063,51,1.021,0.543,1.88,1.1
X6641,FLD0064,GAGATCAGTC,2,H2,P1_FLD0064,49.1,0.982,0.529,1.85,1.94
Negative_8,FLD0065,TACTGAGCTG,2,A3,P1_FLD0065,,,,,
B8964,FLD0066,TAGTAGCGCG,2,B3,P1_FLD0066,48.1,0.961,0.523,1.84,1.6
B2867,FLD0067,GACGTCTGCT,2,C3,P1_FLD0067,51.8,1.036,0.56,1.85,0.5
X7622,FLD0068,GTACTCGCGA,2,D3,P1_FLD0068,50.9,1.018,0.538,1.89,1.96
B1892,FLD0069,TCTGAGCGCA,2,E3,P1_FLD0069,64.6,1.292,0.712,1.82,0.64
B7103,FLD0070,TAGACGTGCT,2,F3,P1_FLD0070,49.3,0.985,0.53,1.86,1.34
Negative_9,FLD0071,GTGACTCGTC,2,G3,P1_FLD0071,,,,,
B841,FLD0072,TCGAGTAGCG,2,H3,P1_FLD0072,52.1,1.041,0.568,1.83,1.2
B635,FLD0073,CGTATGATGT,2,A4,P1_FLD0073,50,1,0.548,1.83,1.69
X8931,FLD0074,TAGTCTGTCA,2,B4,P1_FLD0074,50.2,1.004,0.536,1.87,0.32
Negative_10,FLD0075,TGTCTCTATC,2,C4,P1_FLD0075,,,,,
B3242,FLD0076,CTAGAGTATC,2,D4,P1_FLD0076,48.8,0.979,0.519,1.89,0.33
B1065,FLD0077,TATCATGTGC,2,E4,P1_FLD0077,46.1,0.922,0.503,1.83,1.2
X6988,FLD0078,CATGAGTGTA,2,F4,P1_FLD0078,50.4,1.008,0.541,1.87,2.59
B5027,FLD0079,TGTCGTCATA,2,G4,P1_FLD0079,50,1.269,0.695,1.82,0.36
B6255,FLD0080,TATCTCATGC,2,H4,P1_FLD0080,52.5,1.05,0.577,1.82,0.43
B8825,FLD0081,TGTGTCACTA,2,A5,P1_FLD0081,52.1,1.042,0.569,1.83,1.36
B1430,FLD0082,TATCGATGCT,2,B5,P1_FLD0082,50.8,1.016,0.537,1.89,1.52
B9482,FLD0083,TAGAGTCTGT,2,C5,P1_FLD0083,48.8,0.977,0.542,1.8,1.26
B4420,FLD0084,CATGCATCAT,2,D5,P1_FLD0084,51.2,1.024,0.756,1.35,0.47
X8699,FLD0085,TGATCAGTCA,2,E5,P1_FLD0085,51.1,2.63,1.422,1.85,1.99
B9996,FLD0086,CGTCTATGAT,2,F5,P1_FLD0086,49.3,0.987,0.525,1.88,0.44
B8149,FLD0087,GTGATACTGA,2,G5,P1_FLD0087,49,0.981,0.531,1.85,1.49
X8766.2,FLD0088,CTAGATCTGA,2,H5,P1_FLD0088,51.1,1.022,0.535,1.91,1.52
B433,FLD0089,TATCAGTCTG,2,A6,P1_FLD0089,62.3,1.246,0.707,1.76,0.49
B7274,FLD0090,TCAGATGCTA,2,B6,P1_FLD0090,51.9,1.039,0.548,1.9,1.86
X8572,FLD0091,TATGTACGTG,2,C6,P1_FLD0091,51.4,1.028,0.549,1.87,1.31
B6501,FLD0092,CTATACAGTG,2,D6,P1_FLD0092,52,1.039,0.561,1.85,1.15
B8276,FLD0093,TGATACTCTG,2,E6,P1_FLD0093,50.8,1.015,0.552,1.84,1.23
X7448,FLD0094,TCAGCGATAT,2,F6,P1_FLD0094,50.9,1.018,0.552,1.84,1
X6464.2,FLD0095,CTACTGATGA,2,G6,P1_FLD0095,51.3,1.026,0.57,1.8,0.42
X7999,FLD0096,GTAGTACACA,2,H6,P1_FLD0096,49.6,0.991,0.535,1.85,0.53
B8748,FLD0097,TGCTACATCA,3,A1,P1_FLD0097,56.8,1.145,0.612,1.87,0.18
B7706,FLD0098,AGTGTGTCTA,3,B1,P1_FLD0098,45.2,0.903,0.466,1.94,0.1
X8435.2,FLD0099,TCATATCGCG,3,C1,P1_FLD0099,27.9,,,1.94,1.67
X6587,FLD0100,TACGTATAGC,3,D1,P1_FLD0100,49.9,0.997,0.536,1.86,1.69
X5506,FLD0101,CAGCTATAGC,3,E1,P1_FLD0101,48.8,0.976,0.543,1.8,0.45
B8180,FLD0102,TCGATGCGCT,3,F1,P1_FLD0102,47.6,0.952,0.504,1.89,1.65
B6477,FLD0103,GCACGCGTAT,3,G1,P1_FLD0103,10.6,0.212,0.101,2.09,1.37
B9157,FLD0104,GCAGTATGCG,3,H1,P1_FLD0104,48.2,0.964,0.53,1.82,0.21
X6685,FLD0105,TGATAGAGAG,3,A2,P1_FLD0105,51.5,1.031,0.552,1.87,1.68
X8562,FLD0106,GCTACTAGCG,3,B2,P1_FLD0106,47.5,0.949,0.582,1.63,0.46
B6318,FLD0107,TGCGAGACGT,3,C2,P1_FLD0107,52,1.043,0.548,1.9,0.98
B9444,FLD0108,CGATGACAGA,3,D2,P1_FLD0108,51,1.019,0.54,1.89,0.82
B5080,FLD0109,GACTCATGCT,3,E2,P1_FLD0109,49.2,0.983,0.548,1.79,0.52
B1830,FLD0110,GTCTGATACG,3,F2,P1_FLD0110,49.1,0.983,0.533,1.84,1.01
X8770,FLD0111,ACTAGCTGTC,3,G2,P1_FLD0111,50.1,1.002,0.539,1.86,1.22
X6889,FLD0112,GCGTAGACGA,3,H2,P1_FLD0112,52,1.039,0.557,1.86,0.85
B8661,FLD0113,CTCAGCAGTG,3,A3,P1_FLD0113,50.9,1.018,0.549,1.86,1.02
X7127,FLD0114,CAGTCTACAT,3,B3,P1_FLD0114,53.6,1.072,0.573,1.87,1.63
Negative_11,FLD0115,TACTGCAGCG,3,C3,P1_FLD0115,,,,,
X7933,FLD0116,TACACAGTAG,3,D3,P1_FLD0116,50.2,1.004,0.549,1.83,0.62
Negative_12,FLD0117,CACATACAGT,3,E3,P1_FLD0117,,,,,
Negative_13,FLD0118,CACAGTGATG,3,F3,P1_FLD0118,,,,,
B7214,FLD0119,CGAGCTAGCA,3,G3,P1_FLD0119,49.2,0.984,0.534,1.84,1.26
X9326,FLD0120,GAGACTATGC,3,H3,P1_FLD0120,52.7,1.059,0.572,1.85,0.75
B8452,FLD0121,CAGAGCTAGT,3,A4,P1_FLD0121,49.9,0.997,0.532,1.88,1.41
B2980,FLD0122,CGCAGAGCAT,3,B4,P1_FLD0122,49.7,0.993,0.531,1.87,1.33
B4940,FLD0123,TGTACAGCGA,3,C4,P1_FLD0123,50,1,0.529,1.89,0.98
C0129,FLD0124,ACGTCAGTAT,3,D4,P1_FLD0124,50.4,1.009,0.559,1.8,0.32
Negative_14,FLD0125,TCACAGCATA,3,E4,P1_FLD0125,,,,,
B981,FLD0126,ACTGCGTGTC,3,F4,P1_FLD0126,64.4,1.288,0.721,1.78,1.19
B8366,FLD0127,CGATCGACTG,3,G4,P1_FLD0127,52,1.04,0.558,1.86,0.81
B2287,FLD0128,GCGAGATGTA,3,H4,P1_FLD0128,50.4,1.008,0.537,1.88,1.25
B7947,FLD0129,CTGATGCAGA,3,A5,P1_FLD0129,50.1,1.001,0.531,1.89,1.02
B3358,FLD0130,GTGACGTACG,3,B5,P1_FLD0130,50.6,1.012,0.532,1.9,0.96
B1287,FLD0131,CGACGCTGAT,3,C5,P1_FLD0131,50,1.112,0.584,1.9,0.09
X6894.2,FLD0132,CTACGATCAG,3,D5,P1_FLD0132,51,1.02,0.544,1.87,1.53
Negative_15,FLD0133,GCACTAGACA,3,E5,P1_FLD0133,,,,,
B6149,FLD0134,CTAGCAGATG,3,F5,P1_FLD0134,53.1,1.062,0.553,1.92,0.12
B8861,FLD0135,CATGATACGC,3,G5,P1_FLD0135,50.9,1.018,0.549,1.86,1.02
B2703,FLD0136,GCAGCTGTCA,3,H5,P1_FLD0136,50,1.243,0.708,1.76,0.17
B4285,FLD0137,ACGTATCATC,3,A6,P1_FLD0137,50,1,0.552,1.81,0.89
B8996,FLD0138,AGTATCGTAC,3,B6,P1_FLD0138,51.2,1.023,0.549,1.86,1.05
B990,FLD0139,GATACACTGA,3,C6,P1_FLD0139,47,0.94,0.501,1.88,0.08
X8687,FLD0140,GACTAGTCAG,3,D6,P1_FLD0140,51.6,1.031,0.55,1.88,2.21
B4368,FLD0141,GATGACTACG,3,E6,P1_FLD0141,48.7,0.975,0.501,1.94,0.44
X7573,FLD0142,CAGAGAGTCA,3,F6,P1_FLD0142,52,1.041,0.568,1.83,1.3
Negative_16,FLD0143,TCGATCGACA,3,G6,P1_FLD0143,,,,,
B6739,FLD0144,ACTGATGTAG,3,H6,P1_FLD0144,51.2,1.024,0.562,1.82,0.62
X6674,FLD0145,ACTCGATAGT,4,A1,P1_FLD0145,51.5,1.029,0.557,1.85,0.95
X6441,FLD0146,GACGATCGCA,4,B1,P1_FLD0146,51.1,1.022,0.549,1.86,0.63
Negative_17,FLD0147,TCATCATGCG,4,C1,P1_FLD0147,,,,,
B2536,FLD0148,ACATGTCTGA,4,D1,P1_FLD0148,49,0.979,0.514,1.91,1.93
B5039,FLD0149,AGTCATCGCA,4,E1,P1_FLD0149,51.9,1.037,0.701,1.48,0.77
X8760,FLD0150,TAGCATACAG,4,F1,P1_FLD0150,51.1,1.022,0.54,1.89,1.08
X7466,FLD0151,AGAGTCGCGT,4,G1,P1_FLD0151,51.7,1.034,0.548,1.89,1.47
X8181.2,FLD0152,TCTACGACAT,4,H1,P1_FLD0152,49,0.98,0.531,1.85,0.85
B8742,FLD0153,CACGAGATGA,4,A2,P1_FLD0153,120.4,2.407,1.286,1.87,1.01
B2250,FLD0154,ACGCACATAT,4,B2,P1_FLD0154,49.5,0.99,0.523,1.9,0.99
B8332,FLD0155,ACGTGCTCTG,4,C2,P1_FLD0155,51.4,1.028,0.536,1.92,1.77
B7901,FLD0156,ACGATCACAT,4,D2,P1_FLD0156,52,1.04,0.578,1.8,0.63
B9758,FLD0157,AGTGTACTCA,4,E2,P1_FLD0157,50.6,1.013,0.555,1.83,0.35
B7607,FLD0158,TGATGTATGT,4,F2,P1_FLD0158,50.8,1.016,0.499,2.04,0.08
Negative_18,FLD0159,GATATATGTC,4,G2,P1_FLD0159,,,,,
B8634,FLD0160,TAGTACTAGA,4,H2,P1_FLD0160,51.8,1.035,0.569,1.82,1.34
B4621,FLD0161,TATAGAGATC,4,A3,P1_FLD0161,51.7,1.033,0.553,1.87,1.33
X8549,FLD0162,TCGATATCTA,4,B3,P1_FLD0162,49.5,0.99,0.529,1.87,1.18
B9861,FLD0163,TACATGATAG,4,C3,P1_FLD0163,51.9,1.037,0.582,1.78,1.14
Negative_19,FLD0164,TGAGATCATA,4,D3,P1_FLD0164,,,,,
B9123,FLD0165,CTACATACTA,4,E3,P1_FLD0165,56.8,1.136,0.62,1.83,0.79
Negative_20,FLD0166,ATCAGTGTAT,4,F3,P1_FLD0166,,,,,
B610,FLD0167,ATCATATCTC,4,G3,P1_FLD0167,48.6,0.972,0.535,1.82,0.18
Negative_21,FLD0168,AGTAGATCAT,4,H3,P1_FLD0168,,,,,
B3354,FLD0169,ACATAGTATC,4,A4,P1_FLD0169,51.8,1.036,0.557,1.86,1.51
B4360,FLD0170,ATGTATAGTC,4,B4,P1_FLD0170,50.9,1.018,0.549,1.85,1.12
B8846,FLD0171,ACAGTCATAT,4,C4,P1_FLD0171,49.7,0.994,0.528,1.88,1.77
Negative_22,FLD0172,ACATATACGT,4,D4,P1_FLD0172,,,,,
X9162,FLD0173,AGCATCTATA,4,E4,P1_FLD0173,61.2,1.224,0.656,1.86,0.43
B425,FLD0174,AGACTATATC,4,F4,P1_FLD0174,45.9,0.912,0.472,1.94,1.62
B6288,FLD0175,CAGCATCTAG,4,G4,P1_FLD0175,50.6,1.011,0.555,1.82,0.84
B1162,FLD0176,CGAGACGACA,4,H4,P1_FLD0176,47.4,0.949,0.503,1.89,0.27
B8427,FLD0177,ATCACTCATA,4,A5,P1_FLD0177,52,1.039,0.553,1.88,1.12
X6757.2,FLD0178,AGCTCTGTGA,4,B5,P1_FLD0178,52.3,1.047,0.569,1.84,1.61
B6437,FLD0179,ATGTCATGCT,4,C5,P1_FLD0179,49.5,0.991,0.529,1.87,0.66
B8175,FLD0180,GCTGACAGAG,4,D5,P1_FLD0180,51.5,1.03,0.539,1.91,0.96
X7642,FLD0181,ATACAGTCTC,4,E5,P1_FLD0181,51.3,1.026,0.533,1.92,1.43
X8667,FLD0182,CATAGACGTG,4,F5,P1_FLD0182,47.5,0.95,0.512,1.85,1.28
B6728,FLD0183,AGAGATATCA,4,G5,P1_FLD0183,49.4,0.987,0.511,1.93,1.47
B1733,FLD0184,ATGCTGCGCT,4,H5,P1_FLD0184,39.9,0.799,0.424,1.88,0.9
B923,FLD0185,AGTCAGACGC,4,A6,P1_FLD0185,50.7,1.015,0.549,1.85,1.19
B2926,FLD0186,ACGATACACT,4,B6,P1_FLD0186,50.7,1.013,0.533,1.9,1.52
B7187,FLD0187,AGCGAGTATG,4,C6,P1_FLD0187,49.4,0.988,0.518,1.91,0.79
X5461,FLD0188,ATCGCTACAT,4,D6,P1_FLD0188,52,1.042,0.563,1.85,0.94
B8988,FLD0189,ATGCTAGAGA,4,E6,P1_FLD0189,49.2,0.984,0.531,1.85,0.12
C0052,FLD0190,AGCAGTACTC,4,F6,P1_FLD0190,56.5,1.13,0.643,1.76,0.47
X6867,FLD0191,ATCTAGATCA,4,G6,P1_FLD0191,52.5,1.053,0.559,1.88,0.34
X7063,FLD0192,ATCGCATAGA,4,H6,P1_FLD0192,54.3,1.09,0.604,1.8,1.41
Negative_23,FLD0193,TTGTTGCTGT,5,A1,P1_FLD0193,,,,,
X7935,FLD0194,GTGTGGTTGT,5,B1,P1_FLD0194,49.1,0.981,0.527,1.86,1.52
B6320,FLD0195,TAGGTGGAAT,5,C1,P1_FLD0195,45.7,0.915,0.488,1.87,0.75
B7715,FLD0196,TGTAGGTGGA,5,D1,P1_FLD0196,51.5,1.03,0.542,1.9,1.37
B1885,FLD0197,TTAGTGGTGA,5,E1,P1_FLD0197,52.4,1.049,0.586,1.79,0.67
Negative_24,FLD0198,GTGAAGGTAA,5,F1,P1_FLD0198,,,,,
X6621,FLD0199,TGTTGTGGTA,5,G1,P1_FLD0199,50.3,1.006,0.542,1.86,1.23
B318,FLD0200,GTTGATGAGT,5,H1,P1_FLD0200,50.4,1.007,0.532,1.9,1.72
B6492,FLD0201,GGTCAGTGTA,5,A2,P1_FLD0201,51.9,1.058,0.584,1.81,0.76
B4988,FLD0202,GTAATGGAGT,5,B2,P1_FLD0202,49.6,0.992,0.536,1.85,0.52
B2714,FLD0203,CTCGTTATTC,5,C2,P1_FLD0203,48,0.96,0.532,1.8,0.87
B9474,FLD0204,GGAAGTAAGG,5,D2,P1_FLD0204,52.6,1.051,0.558,1.88,0.65
B8390,FLD0205,CGGTGTGTGT,5,E2,P1_FLD0205,51.5,1.031,0.547,1.88,1.01
B9813,FLD0206,CGTCTTCTTA,5,F2,P1_FLD0206,50.1,1.002,0.561,1.79,1.11
X7135.2,FLD0207,TGTGAATCTC,5,G2,P1_FLD0207,51.5,1.031,0.537,1.92,1.54
Negative_25,FLD0208,CTAATCGTGT,5,H2,P1_FLD0208,,,,,
X8774,FLD0209,CTCTTAGTTC,5,A3,P1_FLD0209,48.9,0.979,0.52,1.88,2
B4290,FLD0210,GGATAGGATC,5,B3,P1_FLD0210,48,0.96,0.531,1.81,0.34
B867,FLD0211,GGTGTCTTGT,5,C3,P1_FLD0211,0.4,0.07,-0.018,-0.42,0.12
B4372,FLD0212,GATGGTTGTA,5,D3,P1_FLD0212,52.1,1.043,0.548,1.9,1.35
X7579,FLD0213,CCTCGTTGTT,5,E3,P1_FLD0213,49,0.98,0.542,1.81,0.6
X8453.2,FLD0214,GGTTGGAGTT,5,F3,P1_FLD0214,52.2,,,1.9,1.42
X6894,FLD0215,TGGTGTCCGT,5,G3,P1_FLD0215,51.7,1.034,0.57,1.82,1
B6994,FLD0216,CGTTAGCGTA,5,H3,P1_FLD0216,50.3,1.007,0.529,1.9,1.97
Negative_26,FLD0217,TACTAGGATC,5,A4,P1_FLD0217,,,,,
Negative_27,FLD0218,GTCTCAATGT,5,B4,P1_FLD0218,,,,,
B824,FLD0219,GATGAGGTAT,5,C4,P1_FLD0219,51.7,1.055,0.552,1.91,1.84
X8691,FLD0220,GGTGTTAGTG,5,D4,P1_FLD0220,51.5,1.03,0.544,1.89,2.08
B8097,FLD0221,CATTCTCTGA,5,E4,P1_FLD0221,52.5,1.05,0.557,1.89,0.43
B9915,FLD0222,CATCTGGAGT,5,F4,P1_FLD0222,50.6,1.012,0.542,1.87,1.9
B8929,FLD0223,GAATGGAAGA,5,G4,P1_FLD0223,60.2,1.206,0.656,1.84,0.56
B6240,FLD0224,GGCTGTGATC,5,H4,P1_FLD0224,51.4,1.03,0.539,1.91,1.64
B2293,FLD0225,TGGTGCTGGA,5,A5,P1_FLD0225,51.1,1.023,0.533,1.92,2.08
X6415,FLD0226,TATGGTAAGG,5,B5,P1_FLD0226,49.6,0.992,0.529,1.87,0.46
B340,FLD0227,GTTCGATTGT,5,C5,P1_FLD0227,51.7,1.034,0.55,1.86,0.18
B9023,FLD0228,GGTAGAATGA,5,D5,P1_FLD0228,50.9,1.018,0.556,1.83,1.26
B8459,FLD0229,TTCTCATCGT,5,E5,P1_FLD0229,49.1,0.983,0.532,1.85,0.56
X8566,FLD0230,CTCAATCGTA,5,F5,P1_FLD0230,51.6,1.031,0.535,1.93,0.23
X6423.2,FLD0231,CGCTAATGTA,5,G5,P1_FLD0231,51.9,1.04,0.54,1.93,1.62
B7255,FLD0232,GCGTCTGAAT,5,H5,P1_FLD0232,51.5,1.029,0.553,1.86,0.64
X6689,FLD0233,TTCTGTTGCC,5,A6,P1_FLD0233,50.8,1.016,0.551,1.85,1.27
B9161,FLD0234,TTGTCCTTGC,5,B6,P1_FLD0234,52.6,1.054,0.581,1.81,0.95
X3300,FLD0235,CCTGTGTAGA,5,C6,P1_FLD0235,50.4,1.007,0.534,1.89,1.27
B8751,FLD0236,GATAAGAAGG,5,D6,P1_FLD0236,51,1.021,0.538,1.9,0.75
B5084,FLD0237,CAGGTCACAT,5,E6,P1_FLD0237,51.8,1.036,0.551,1.88,1.03
X7442,FLD0238,GCCATGTCAT,5,F6,P1_FLD0238,50,1.001,0.524,1.91,1.6
B1303,FLD0239,TCTGCCTATA,5,G6,P1_FLD0239,52.7,1.055,0.566,1.86,1.23
B1008,FLD0240,CTTAGTTCGC,5,H6,P1_FLD0240,48.8,0.973,0.518,1.88,0.58
