hyena_ID,date_sampling,sample_ID.x,module,sub_module,clan,sex,birthdate,age_sampling,age_sampling_cat,litter_size,twin_status,sex_comp,date_reversal1,date_reversal2,type_adoption,genetic_mum_alive,social_rank_genetic_mum,surrogate_mum1_alive,social_rank_surrogate_mum1,surrogate_mum2_alive,social_rank_surrogate_mum2,date_adoption,social_rank_hyena_ID,prey_level,prey_level_imputed,sampling_month,season,total_parasite_load,Ancylostoma_egg_load,Ancylostoma_rich,Cystoisospora_oocyst_load,Cystoisospora_rich,Spirometra_egg_load,Spirometra_rich,Dipylidium_egg_load,Dipylidium_rich..includes.proglotids.visualization.info.,Trichuris_egg_load,Trichuris_rich,Taeniidae_egg_load,Taeniidae_rich,Spirurida_egg_load,Spirurida_rich,Mesocestoides_egg_load,Mesocestoides_rich,other_unidentified_taxa,other_rich,total_parasite_rich,total_parasite_rich_without_other,mucin,IgA,IgG,fGCM,lysozyme,lysozyme_detection,neopterin,neopterin_CV,extract_prepared_neopterin,date_neopterin,time_of_storage_neopterin,sample_ID.y,cortisol,AFR,LRS,age_death,Survival_Ad
I247,12/15/2009,X9162,intest_biomes,adoptions,I,F,8/27/1996,4858,sampled_as_adult,NA,NA,NA,NA,NA,NA,NA,NA,NA,NA,NA,NA,NA,-0.54,2,2,12,wet,75,75,1,0,0,0,0,0,0,0,0,0,0,0,0,0,0,0,0,1,1,88.23171755,44739.81424,28.33800714,47.73,0,0,19.38,5 - 10%,22-Jan-21,5-Feb-21,14,ES1299,47.73,1752,8,6758,Yes
I278,4/13/2011,B2400,intest_biomes,adoptions,I,F,4/11/1998,4750,sampled_as_adult,NA,NA,NA,NA,NA,NA,NA,NA,NA,NA,NA,NA,NA,-0.85,1,1,4,wet,125,50,1,0,0,25,1,0,0,0,0,0,0,0,0,50,1,0,0,3,3,85.11337766,261229.5666,11121.6177,38.36,0,0,12.81,< 5%,24-Feb-20,14-Dec-20,294,ES1608,38.36,1460,5,4990,Yes
I351,9/28/2010,B897,intest_biomes,adoptions,I,F,8/11/2001,3335,sampled_as_adult,NA,NA,NA,NA,NA,NA,NA,NA,NA,NA,NA,NA,NA,0.55,2,2,9,dry,625,225,1,0,0,0,0,0,0,0,0,0,0,400,1,0,0,0,0,2,2,73.63433191,154851.9515,0,30.237,0,0,11.7,< 5%,22-Jan-21,5-Feb-21,14,ES1423,30.24,1496,4,5219,Yes
I365,11/29/2007,X6753,intest_biomes,social_dyn,I,F,6/14/2002,1994,sampled_as_adult,NA,NA,NA,NA,NA,NA,NA,NA,NA,NA,NA,NA,NA,-0.48,2,2,11,wet,NA,NA,NA,NA,NA,NA,NA,NA,NA,NA,NA,NA,NA,NA,NA,NA,NA,NA,NA,NA,NA,83.52018563,88376.27567,13.52789787,38.545,0,0,20.441,< 5%,22-Jan-21,27-Jan-21,5,ES897,38.55,2226,0,4640,Yes
I365,11/7/2014,B6320,intest_biomes,extreme_ranks,I,F,6/14/2002,4529,sampled_as_adult,NA,NA,NA,NA,NA,NA,NA,NA,NA,NA,NA,NA,NA,-0.6,2,2,11,wet,675,400,1,0,0,275,1,0,0,0,0,0,0,0,0,0,0,0,0,2,2,29.89088306,170184.449,339.3864171,28.881,0,0,21.09,< 5%,24-Feb-20,16-Dec-20,296,ES1935,28.88,2226,0,4640,Yes
I369,9/26/2007,X6473,intest_biomes,social_dyn,I,F,8/21/2002,1862,sampled_as_adult,NA,NA,NA,NA,NA,NA,NA,NA,NA,NA,NA,NA,NA,-0.24,2,2,9,dry,NA,NA,NA,NA,NA,NA,NA,NA,NA,NA,NA,NA,NA,NA,NA,NA,NA,NA,NA,NA,NA,36.88792016,60828.58867,333.8838693,15.09,0,0,2.133,< 5%,16-Apr-20,16-Dec-20,244,ES850,15.09,1752,0,2608,Yes
I405,6/8/2015,B6739,intest_biomes,extreme_ranks,I,F,2/16/2005,3764,sampled_as_adult,NA,NA,NA,NA,NA,NA,NA,NA,NA,NA,NA,NA,NA,-0.76,1,1,6,dry,25,25,1,0,0,0,0,0,0,0,0,0,0,0,0,0,0,0,0,1,1,13.84058026,677477.8173,510.2673876,27.695,0,0,1.302,< 5%,24-Feb-20,16-Dec-20,296,ES2114,27.7,1533,3,4705,Yes
I434,7/27/2016,B7860,intest_biomes,extreme_ranks,I,F,2/21/2006,3809,sampled_as_adult,NA,NA,NA,NA,NA,NA,NA,NA,NA,NA,NA,NA,NA,-0.17,2,2,7,dry,25,0,0,0,0,0,0,0,0,25,1,0,0,0,0,0,0,0,0,1,1,71.91142389,237742.1671,7.041535313,77.29,0,0,37.56,< 5%,24-Feb-20,16-Dec-20,296,ES2357,77.29,1460,3,NA,Yes
I447,11/30/2009,X8931,intest_biomes,extreme_ranks,I,F,8/20/2006,1198,sampled_as_adult,NA,NA,NA,NA,NA,NA,NA,NA,NA,NA,NA,NA,NA,-0.6,3,3,11,wet,0,0,0,0,0,0,0,0,0,0,0,0,0,0,0,0,0,0,0,0,0,28.03930754,160326.7018,58.59857043,12.21,0,0,3.564,5 - 10%,24-Feb-20,14-Dec-20,294,ES1274,12.21,1204,0,1887,Yes
I458,6/5/2009,X8181,intest_biomes,social_dyn,I,F,4/1/2007,796,sampled_as_adult,NA,NA,NA,NA,NA,NA,NA,NA,NA,NA,NA,NA,NA,-0.88,1,1,6,dry,NA,NA,NA,NA,NA,NA,NA,NA,NA,NA,NA,NA,NA,NA,NA,NA,NA,NA,NA,NA,NA,271.179003,665413.2905,18.82768854,17.579,1.302044,1,53.51,< 5%,22-Jan-21,28-Jan-21,6,ES1145,208.75,1168,0,1783,Yes
I459,9/18/2007,X6441,intest_biomes,social_dyn,I,F,5/26/2007,115,sampled_as_juvenile,twin,twin_sub,mixed,NA,NA,no_adoption,mum_alive,0.1,NA,NA,NA,NA,NA,NA,2,2,9,dry,NA,NA,NA,NA,NA,NA,NA,NA,NA,NA,NA,NA,NA,NA,NA,NA,NA,NA,NA,NA,NA,208.8682098,372822.6645,1473.353493,35.925,0,0,9.641,< 5%,16-Apr-20,22-Mar-21,340,ES840,35.93,1496,3,4072,Yes
I459,12/2/2009,X8978,intest_biomes,social_dyn,I,F,5/26/2007,921,sampled_as_adult,NA,NA,NA,NA,NA,NA,NA,NA,NA,NA,NA,NA,NA,-0.43,3,3,12,wet,0,0,0,0,0,0,0,0,0,0,0,0,0,0,0,0,0,0,0,0,0,83.36352422,87368.08196,122.2729032,20.52,0,0,2.919,< 5%,16-Apr-20,14-Dec-20,242,ES1282,20.52,1496,3,4072,Yes
I461,11/20/2007,X6641,intest_biomes,twins,I,M,6/7/2007,166,sampled_as_juvenile,twin,twin_dom,mixed,11/20/2007,NA,no_adoption,mum_alive,0.7,NA,NA,NA,NA,NA,NA,2,2,11,wet,NA,NA,NA,NA,NA,NA,NA,NA,NA,NA,NA,NA,NA,NA,NA,NA,NA,NA,NA,NA,NA,132.4552006,1157061.77,215.0344709,NA,0,0,8.962,< 5%,16-Apr-20,16-Dec-20,244,ES886,NA,NA,NA,NA,Yes
I462,11/20/2007,X6643,intest_biomes,social_dyn_twins,I,F,6/7/2007,166,sampled_as_juvenile,twin,twin_sub,mixed,11/20/2007,NA,no_adoption,mum_alive,0.7,NA,NA,NA,NA,NA,NA,2,2,11,wet,NA,NA,NA,NA,NA,NA,NA,NA,NA,NA,NA,NA,NA,NA,NA,NA,NA,NA,NA,NA,NA,NA,NA,NA,NA,NA,NA,NA,NA,NA,NA,NA,NA,NA,NA,NA,1445,Yes
I476,12/10/2016,B8634,intest_biomes,extreme_ranks,I,F,10/7/2007,3352,sampled_as_adult,NA,NA,NA,NA,NA,NA,NA,NA,NA,NA,NA,NA,NA,1,1,1,12,wet,25,25,1,0,0,0,0,0,0,0,0,0,0,0,0,0,0,0,0,1,1,29.89387537,81407.8982,10.08759994,29.626,0,0,3.506,< 5%,24-Feb-20,16-Dec-20,296,ES2517,29.63,1132,4,NA,Yes
I482,9/1/2008,X7135,intest_biomes,social_dyn,I,F,4/12/2008,142,sampled_as_juvenile,singlt,NA,NA,NA,NA,no_adoption,mum_alive,-0.23,NA,NA,NA,NA,NA,NA,2,2,9,dry,NA,NA,NA,NA,NA,NA,NA,NA,NA,NA,NA,NA,NA,NA,NA,NA,NA,NA,NA,NA,NA,107.0663506,1085954.248,1010.738111,61.203,0,0,7.874,5 - 10%,16-Apr-20,22-Mar-21,340,ES993,61.2,1241,2,3394,Yes
I484,11/28/2009,X8908,intest_biomes,social_dyn,I,F,4/27/2008,580,sampled_as_juvenile,twin,twin_dom,mixed,NA,NA,no_adoption,mum_alive,0.14,NA,NA,NA,NA,NA,NA,3,3,11,wet,56450,875,1,0,0,55575,1,0,0,0,0,0,0,0,0,0,0,0,0,2,2,105.637365,336314.3425,58.18589589,21.805,0,0,2.15,5 - 10%,22-Jan-21,27-Jan-21,5,ES1271,21.81,1132,2,4313,Yes
I491,9/22/2008,X7340,intest_biomes,social_dyn,I,F,6/9/2008,105,sampled_as_juvenile,twin,twin_dom,mixed,NA,NA,no_adoption,mum_alive,-0.75,NA,NA,NA,NA,NA,NA,3,3,9,dry,NA,NA,NA,NA,NA,NA,NA,NA,NA,NA,NA,NA,NA,NA,NA,NA,NA,NA,NA,NA,NA,351.794314,4698152.141,15.29637348,2382.673,0,0,22.62,< 5%,16-Apr-20,16-Dec-20,244,ES1009,2382.67,1460,2,2598,Yes
I512,9/24/2009,X8562,intest_biomes,twins,I,M,5/2/2009,145,sampled_as_juvenile,twin,twin_dom,MM,NA,NA,no_adoption,mum_alive,-0.77,NA,NA,NA,NA,NA,NA,2,2,9,dry,NA,NA,NA,NA,NA,NA,NA,NA,NA,NA,NA,NA,NA,NA,NA,NA,NA,NA,NA,NA,NA,178.8413288,1357078.893,827.919016,41.01,0,0,3.331,< 5%,16-Apr-20,16-Dec-20,244,ES1188,41.01,NA,NA,NA,No
I513,9/25/2009,X8566,intest_biomes,twins,I,M,5/2/2009,146,sampled_as_juvenile,twin,twin_sub,MM,NA,NA,no_adoption,mum_alive,-0.77,NA,NA,NA,NA,NA,NA,2,2,9,dry,NA,NA,NA,NA,NA,NA,NA,NA,NA,NA,NA,NA,NA,NA,NA,NA,NA,NA,NA,NA,NA,131.443065,564788.694,187.299932,44.545,0,0,5.151,< 5%,16-Apr-20,23-Mar-21,341,ES1190,44.55,NA,NA,NA,No
I515,7/22/2009,X8453,intest_biomes,social_dyn,I,F,3/17/2009,127,sampled_as_juvenile,singlt,NA,NA,NA,NA,no_adoption,mum_alive,-0.09,NA,NA,NA,NA,NA,NA,2,2,7,dry,NA,NA,NA,NA,NA,NA,NA,NA,NA,NA,NA,NA,NA,NA,NA,NA,NA,NA,NA,NA,NA,82.75516359,466740.9483,1262.565695,22.401,0,0,3.672,< 5%,16-Apr-20,23-Mar-21,341,ES1150,22.4,1570,1,NA,Yes
I538,7/6/2016,B7706,intest_biomes,social_dyn,I,F,9/8/2009,2493,sampled_as_adult,NA,NA,NA,NA,NA,NA,NA,NA,NA,NA,NA,NA,NA,0.35,2,2,7,dry,1100,75,1,125,1,875,1,0,0,0,0,0,0,0,0,25,1,0,0,4,4,71.58194612,49228.34976,37.37387959,43.615,0,0,2.527,< 5%,16-Apr-20,17-Dec-20,245,ES2333,43.62,1570,1,2656,Yes
I545,2/23/2010,X9326,intest_biomes,social_dyn,I,F,10/28/2009,118,sampled_as_juvenile,twin,twin_sub,FF,NA,NA,no_adoption,mum_alive,0.14,NA,NA,NA,NA,NA,NA,2,2,2,wet,6100,5700,1,400,1,0,0,0,0,0,0,0,0,0,0,0,0,0,0,2,2,115.9240582,594506.3701,413.1622713,36.98,0,0,6.79,< 5%,16-Apr-20,16-Dec-20,244,ES1321,36.98,1424,2,NA,Yes
I545,11/11/2015,B7255,intest_biomes,social_dyn,I,F,10/28/2009,2205,sampled_as_adult,NA,NA,NA,NA,NA,NA,NA,NA,NA,NA,NA,NA,NA,0.45,3,3,11,wet,100,0,0,0,0,100,1,0,0,0,0,0,0,0,0,0,0,0,0,1,1,43.58092413,302.5768584,8.034353693,33.971,0,0,9.67,< 5%,6-Oct-17,7-Oct-20,1097,ES2241,33.97,1424,2,NA,Yes
I551,7/9/2010,B574,intest_biomes,adoptions,I,M,1/12/2010,178,sampled_as_juvenile,twin,twin_dom,mixed,7/7/2010,NA,no_adoption,mum_alive,-0.65,NA,NA,NA,NA,NA,NA,2,2,7,dry,650,125,1,275,1,200,1,0,0,25,1,0,0,0,0,0,0,25,1,5,4,123.3487386,648637.7282,3261.295481,25.205,0,0,4.891,< 5%,24-Feb-20,15-Dec-20,295,ES1379,25.21,NA,NA,NA,Yes
I557,10/7/2010,B990,intest_biomes,adoptions,I,M,2/19/2010,230,sampled_as_juvenile,twin,twin_sub,mixed,NA,NA,adoption,mum_alive,-0.85,surrogate_mum1_alive,0.55,NA,NA,3/18/2010,NA,2,2,10,dry,7875,1775,1,275,1,5650,1,0,1,100,1,0,0,0,0,0,0,75,1,6,5,279.5804765,22407.08216,113.5944617,29.135,0,0,4.08,< 5%,5-Nov-20,15-Dec-20,40,ES1433,29.14,NA,NA,NA,Yes
I558,9/20/2010,B867,intest_biomes,adoptions,I,F,2/19/2010,213,sampled_as_juvenile,twin,twin_dom,mixed,NA,NA,adoption,mum_alive,-0.85,surrogate_mum1_alive,0.55,NA,NA,3/18/2010,NA,1,1,9,dry,100,100,1,0,0,0,0,0,1,0,0,0,0,0,0,0,0,0,0,2,2,214.8965112,16811.43005,12.09976958,31.108,0,0,10.52,< 5%,5-Nov-20,15-Dec-20,40,ES1419,31.11,NA,NA,1743,Yes
I562,7/7/2010,B540,intest_biomes,social_dyn,I,F,2/5/2010,152,sampled_as_juvenile,twin,twin_dom,FF,NA,NA,no_adoption,mum_alive,-0.35,NA,NA,NA,NA,NA,NA,2,2,7,dry,4825,4575,1,150,1,25,1,0,0,0,0,0,0,0,0,0,0,75,1,3,2,126.1952691,1128818.311,89.76453188,67.59,0,0,8.316,< 5%,16-Apr-20,16-Dec-20,244,ES1377,67.59,1861,1,NA,Yes
I562,9/7/2010,B824,intest_biomes,adoptions,I,F,2/5/2010,214,sampled_as_juvenile,twin,twin_dom,FF,NA,NA,no_adoption,mum_alive,-0.35,NA,NA,NA,NA,NA,NA,2,2,9,dry,2300,1825,1,0,0,0,0,400,1,0,0,0,0,50,1,0,0,0,0,3,3,113.0433927,1449741.212,58.03811642,84.929,0,0,7.777,< 5%,22-Jan-21,28-Jan-21,6,ES1413,84.93,1861,1,NA,Yes
I562,12/13/2016,B8661,intest_biomes,social_dyn,I,F,2/5/2010,2503,sampled_as_adult,NA,NA,NA,NA,NA,NA,NA,NA,NA,NA,NA,NA,NA,-0.39,1,1,12,wet,25,25,1,0,0,0,0,0,0,0,0,0,0,0,0,0,0,0,0,1,1,24.19734371,341381.434,318.0720166,31.78,0,0,7.273,< 5%,16-Apr-20,17-Dec-20,245,ES2523,31.78,1861,1,NA,Yes
I565,11/25/2010,B1445,intest_biomes,social_dyn_adoptions,I,F,3/3/2010,267,sampled_as_juvenile,twin,twin_dom,mixed,NA,NA,no_adoption,mum_alive,0.79,NA,NA,NA,NA,NA,NA,2,2,11,wet,16475,150,1,25,1,16300,1,0,0,0,0,0,0,0,0,0,0,0,0,3,3,74.66377833,227502.8213,583.123751,16.717,0,0,4.897,5 - 10%,24-Feb-20,16-Dec-20,296,ES1470,16.72,1606,1,2342,Yes
I565,6/16/2016,B7607,intest_biomes,social_dyn,I,F,3/3/2010,2297,sampled_as_adult,NA,NA,NA,NA,NA,NA,NA,NA,NA,NA,NA,NA,NA,0.4,2,2,6,dry,950,150,1,175,1,625,1,0,0,0,0,0,0,0,0,0,0,0,0,3,3,78.43109564,138556.3734,11.81321144,29.265,0,0,3.495,< 5%,16-Apr-20,17-Dec-20,245,ES2308,29.27,1606,1,2342,Yes
I566,10/7/2010,B981,intest_biomes,adoptions,I,M,4/29/2010,161,sampled_as_juvenile,singlt,NA,NA,NA,NA,no_adoption,mum_alive,0.75,NA,NA,NA,NA,NA,NA,2,2,10,dry,275,275,1,0,0,0,0,0,1,0,0,0,0,0,0,0,0,0,0,2,2,293.7286176,236243.4301,106.3413862,46.347,1.472755,1,4.058,< 5%,24-Jun-17,7-Oct-20,1201,ES1432,46.35,NA,NA,NA,No
I567,8/5/2010,B635,intest_biomes,social_dyn,I,F,3/1/2010,157,sampled_as_juvenile,twin,twin_dom,mixed,NA,NA,no_adoption,mum_alive,-0.2,NA,NA,NA,NA,NA,NA,2,2,8,dry,6575,6400,1,150,1,0,0,0,0,25,1,0,0,0,0,0,0,0,0,3,3,363.5062781,466942.4378,223.4456229,50.85,0,0,11.01,< 5%,7-Oct-17,30-Sep-20,1089,ES1388,50.85,1350,2,NA,Yes
I567,11/27/2014,B6240,intest_biomes,social_dyn,I,F,3/1/2010,1732,sampled_as_adult,NA,NA,NA,NA,NA,NA,NA,NA,NA,NA,NA,NA,NA,-0.05,2,2,11,wet,2900,25,1,0,0,2875,1,0,0,0,0,0,0,0,0,0,0,0,0,2,2,64.18497779,280619.6035,118.1506385,22.711,0,0,3.97,< 5%,16-Apr-20,17-Dec-20,245,ES1961,22.71,1350,2,NA,Yes
I570,12/21/2010,B1733,intest_biomes,social_dyn_adoptions,I,F,4/4/2010,261,sampled_as_juvenile,singlt,NA,NA,NA,NA,no_adoption,mum_alive,-0.79,NA,NA,NA,NA,NA,NA,1,1,12,wet,113000,1325,1,4100,1,107450,1,25,1,0,0,0,0,0,0,100,1,0,0,5,5,318.0383243,32425.93689,12.33063137,29.851,0,0,6.813,< 5%,10-Jul-17,15-Dec-20,1254,ES1506,29.85,1278,0,2554,Yes
I570,11/7/2014,B6318,intest_biomes,extreme_ranks,I,F,4/4/2010,1678,sampled_as_adult,NA,NA,NA,NA,NA,NA,NA,NA,NA,NA,NA,NA,NA,-0.91,2,2,11,wet,25,0,0,0,0,25,1,0,0,0,0,0,0,0,0,0,0,0,0,1,1,13.87130852,52917.5862,18.47330435,26.755,0,0,5.719,< 5%,22-Jan-21,27-Jan-21,5,ES1934,26.76,1278,0,2554,Yes
I580,11/17/2010,B1303,intest_biomes,twins,I,M,6/30/2010,140,sampled_as_juvenile,twin,twin_sub,MM,10/7/2010,NA,no_adoption,mum_alive,0.44,NA,NA,NA,NA,NA,NA,2,2,11,wet,575,550,1,0,0,0,0,0,1,0,0,0,0,0,0,25,1,0,0,3,3,88.95265319,64575.16317,43.56999373,46.701,0,0,1.467,5 - 10%,16-Apr-20,16-Dec-20,244,ES1463,46.7,NA,NA,NA,Yes
I581,9/13/2010,B841,intest_biomes,twins,I,M,6/30/2010,75,sampled_as_juvenile,twin,twin_dom,MM,10/7/2010,NA,no_adoption,mum_alive,0.45,NA,NA,NA,NA,NA,NA,2,2,9,dry,7025,7025,1,0,0,0,0,0,0,0,0,0,0,0,0,0,0,0,0,1,1,193.0556393,1205857.655,21121.39451,22.425,0,0,14.89,< 5%,16-Apr-20,16-Dec-20,244,ES1415,22.43,NA,NA,NA,Yes
I581,10/23/2010,B1079,intest_biomes,twins,I,M,6/30/2010,115,sampled_as_juvenile,twin,twin_dom,MM,10/7/2010,NA,no_adoption,mum_alive,0.44,NA,NA,NA,NA,NA,NA,2,2,10,dry,13650,9075,1,4425,1,0,0,0,0,25,1,0,0,0,0,0,0,125,1,4,3,99.69527905,41748.24164,86.51684556,1987.129,0,0,19.12,< 5%,24-Jun-17,7-Oct-20,1201,ES1444,1987.13,NA,NA,NA,Yes
I591,1/27/2011,B1830,intest_biomes,social_dyn,I,F,10/7/2010,112,sampled_as_juvenile,twin,twin_sub,FF,NA,NA,no_adoption,mum_alive,0.69,NA,NA,NA,NA,NA,NA,1,1,1,wet,5050,4750,1,0,0,0,0,0,0,0,0,0,0,0,0,300,1,0,0,2,2,185.6776738,3678063.659,112.3120556,1290.404,0,0,7.919,< 5%,16-Apr-20,16-Dec-20,244,ES1525,1290.4,1570,0,2262,Yes
I591,12/1/2013,B4621,intest_biomes,social_dyn,I,F,10/7/2010,1151,sampled_as_adult,NA,NA,NA,NA,NA,NA,NA,NA,NA,NA,NA,NA,NA,0.95,2,2,12,wet,0,0,0,0,0,0,0,0,0,0,0,0,0,0,0,0,0,0,0,0,0,98.81273758,772.3634033,25.60186147,28.848,0,0,5.021,< 5%,6-Oct-17,7-Oct-20,1097,ES1880,28.85,1570,0,2262,Yes
I600,6/2/2011,B2536,intest_biomes,twins,I,M,2/19/2011,103,sampled_as_juvenile,twin,twin_sub,mixed,NA,NA,no_adoption,mum_alive,-0.85,NA,NA,NA,NA,NA,NA,1,1,6,dry,12200,25,1,6350,1,5800,1,0,1,0,0,0,0,0,0,0,0,25,1,5,4,104.8460568,11400.30305,8.168360112,227.66,0,0,8.134,5 - 10%,19-Jul-17,27-Jan-21,1288,ES1623,227.66,NA,NA,NA,No
I602,6/2/2011,B2530,intest_biomes,twins,I,F,2/19/2011,103,sampled_as_juvenile,twin,twin_dom,mixed,NA,NA,no_adoption,mum_alive,-0.85,NA,NA,NA,NA,NA,NA,1,1,6,dry,1675,775,1,875,1,25,1,0,0,0,0,0,0,0,0,0,0,0,0,3,3,161.9416027,642869.0649,571.2585634,100.529,0,0,4.6,< 5%,16-Apr-20,16-Dec-20,244,ES1622,100.53,NA,NA,309,No
I604,3/1/2017,B8996,intest_biomes,extreme_ranks,I,F,3/4/2011,2189,sampled_as_adult,NA,NA,NA,NA,NA,NA,NA,NA,NA,NA,NA,NA,NA,1,NA,2,3,wet,2175,50,1,0,0,2075,1,0,0,0,0,50,1,0,0,0,0,0,0,3,3,43.4115316,149590.3793,117.6659956,67.49,0,0,16.97,< 5%,24-Feb-20,16-Dec-20,296,ES2619,67.49,1350,1,2297,Yes
I605,11/29/2017,B9837,intest_biomes,extreme_ranks,I,F,3/4/2011,2462,sampled_as_adult,NA,NA,NA,NA,NA,NA,NA,NA,NA,NA,NA,NA,NA,0.57,NA,2,11,wet,13975,0,0,175,1,13800,1,0,0,0,0,0,0,0,0,0,0,0,0,2,2,45.56852218,177130.2702,4031.504308,49.568,0,0,4.241,< 5%,22-Jan-21,27-Jan-21,5,ES2828,49.57,1350,1,NA,Yes
I617,11/26/2013,B4604,intest_biomes,social_dyn,I,F,7/8/2011,872,sampled_as_adult,NA,NA,NA,NA,NA,NA,NA,NA,NA,NA,NA,NA,NA,-0.05,2,2,11,wet,375,100,1,0,0,275,1,0,0,0,0,0,0,0,0,0,0,0,0,2,2,40.79609167,421794.4396,3616.3992,25.653,0,0,3.334,< 5%,16-Apr-20,17-Dec-20,245,ES1876,25.65,1314,0,2011,Yes
I618,11/11/2011,B2926,intest_biomes,twins,I,F,7/8/2011,126,sampled_as_juvenile,twin,twin_dom,FF,NA,NA,no_adoption,mum_alive,-0.07,NA,NA,NA,NA,NA,NA,2,2,11,wet,27675,7450,1,20200,1,0,0,0,0,0,0,25,1,0,0,0,0,0,0,3,3,175.2139808,414831.6501,3.361194949,87.886,0,0,18.63,5 - 10%,16-Apr-20,16-Dec-20,244,ES1675,87.89,NA,NA,370,No
I680,11/29/2017,B9758,intest_biomes,extreme_ranks,I,F,6/21/2013,1622,sampled_as_adult,NA,NA,NA,NA,NA,NA,NA,NA,NA,NA,NA,NA,NA,0.78,NA,2,11,wet,75,0,0,0,0,75,1,0,0,0,0,0,0,0,0,0,0,0,0,1,1,20.95075406,144240.9382,31.28444083,28.98,0,0,5.248,< 5%,24-Feb-20,16-Dec-20,296,ES2809,28.98,1168,1,1872,Yes
I687,11/8/2013,B4368,intest_biomes,twins,I,F,7/17/2013,114,sampled_as_juvenile,twin,twin_sub,mixed,10/19/2013,NA,no_adoption,mum_alive,-0.16,NA,NA,NA,NA,NA,NA,2,2,11,wet,14475,14300,1,175,1,0,0,0,0,0,0,0,0,0,0,0,0,0,0,2,2,254.9850265,1811083.431,629.3739403,76.615,0,0,5.639,< 5%,16-Apr-20,17-Dec-20,245,ES1839,76.62,1132,1,NA,Yes
I688,11/8/2013,B4372,intest_biomes,twins,I,M,7/17/2013,114,sampled_as_juvenile,twin,twin_dom,mixed,10/19/2013,NA,no_adoption,mum_alive,-0.16,NA,NA,NA,NA,NA,NA,2,2,11,wet,24250,24075,1,0,0,0,0,0,0,0,0,0,0,0,0,0,0,175,1,2,1,146.7364551,771926.8842,112302.5353,54.196,0,0,8.013,< 5%,16-Apr-20,30-Sep-20,167,ES1840,54.2,NA,NA,NA,Yes
I691,11/6/2013,B4360,intest_biomes,twins,I,F,8/14/2013,84,sampled_as_juvenile,twin,twin_sub,FF,11/13/2013,NA,no_adoption,mum_alive,-0.56,NA,NA,NA,NA,NA,NA,2,2,11,wet,NA,NA,NA,NA,NA,NA,NA,NA,NA,NA,NA,NA,NA,NA,NA,NA,NA,NA,NA,NA,NA,NA,NA,NA,NA,NA,NA,NA,NA,NA,NA,NA,NA,NA,NA,NA,800,Yes
I692,11/1/2013,B4420,intest_biomes,social_dyn_twins,I,F,8/20/2013,73,sampled_as_juvenile,twin,twin_dom,FF,11/12/2013,NA,no_adoption,mum_alive,0.6,NA,NA,NA,NA,NA,NA,2,2,11,wet,NA,NA,NA,NA,NA,NA,NA,NA,NA,NA,NA,NA,NA,NA,NA,NA,NA,NA,NA,NA,NA,NA,NA,NA,NA,NA,NA,NA,NA,NA,NA,NA,ES1861,NA,1971,0,NA,Yes
I692,3/1/2017,B8988,intest_biomes,social_dyn_twins,I,F,8/20/2013,1289,sampled_as_adult,NA,NA,NA,NA,NA,NA,NA,NA,NA,NA,NA,NA,NA,0.79,NA,2,3,wet,75,75,1,0,0,0,0,0,0,0,0,0,0,0,0,0,0,0,0,1,1,27.49539692,129921.3773,21.02539019,46.68,0,0,5.702,< 5%,16-Apr-20,17-Dec-20,245,ES2617,46.68,1971,0,NA,Yes
I694,3/22/2014,B4988,intest_biomes,social_dyn,I,F,9/24/2013,179,sampled_as_juvenile,twin,twin_sub,FF,3/11/2014,2/20/2017,no_adoption,mum_alive,-0.17,NA,NA,NA,NA,NA,NA,1,1,3,wet,6275,325,1,100,1,5775,1,25,1,0,0,0,0,0,0,50,1,0,0,5,5,101.3068489,828222.9409,4222.337565,34.455,0,0,6.051,< 5%,16-Apr-20,9-Feb-21,299,ES1903,34.46,1314,0,NA,Yes
I694,11/17/2017,B9730,intest_biomes,social_dyn,I,F,9/24/2013,1515,sampled_as_adult,NA,NA,NA,NA,NA,NA,NA,NA,NA,NA,NA,NA,NA,-0.3,NA,2,11,wet,6200,25,1,25,1,6150,1,0,0,0,0,0,0,0,0,0,0,0,0,3,3,78.19184516,35929.68892,113.8343668,50.44,0,0,3.519,< 5%,16-Apr-20,17-Dec-20,245,ES2803,50.44,1314,0,NA,Yes
I704,7/12/2014,B5080,intest_biomes,twins,I,M,2/5/2014,157,sampled_as_juvenile,twin,twin_sub,MM,NA,NA,no_adoption,mum_alive,-0.23,NA,NA,NA,NA,NA,NA,1,1,7,dry,225,200,1,25,1,0,0,0,0,0,0,0,0,0,0,0,0,0,0,2,2,139.7008673,1068589.459,1981.085784,23.355,0,0,7.319,< 5%,16-Apr-20,17-Dec-20,245,ES1930,23.36,NA,NA,NA,No
I705,1/30/2015,B6437,intest_biomes,social_dyn,I,F,5/1/2014,274,sampled_as_juvenile,singlt,NA,NA,NA,NA,no_adoption,mum_alive,0.38,NA,NA,NA,NA,NA,NA,1,1,1,wet,1250,725,1,0,0,475,1,0,0,0,0,0,0,0,0,50,1,0,0,3,3,84.86594427,351739.1197,6985.393774,26.77,0,0,6.502,< 5%,16-Apr-20,17-Dec-20,245,ES2029,26.77,1204,0,2118,Yes
I707,7/12/2014,B5084,intest_biomes,twins,I,M,2/5/2014,157,sampled_as_juvenile,twin,twin_dom,MM,NA,NA,no_adoption,mum_alive,-0.23,NA,NA,NA,NA,NA,NA,1,1,7,dry,400,275,1,25,1,0,0,0,0,0,0,0,0,0,0,100,1,0,0,3,3,75.55300548,277866.8749,777.1806026,27.935,0,0,13.89,< 5%,4-Nov-20,9-Feb-21,97,ES1931,27.94,NA,NA,NA,Yes
I711,6/12/2014,B5035,intest_biomes,twins,I,F,2/9/2014,123,sampled_as_juvenile,twin,twin_dom,FF,NA,NA,no_adoption,mum_alive,-0.8,NA,NA,NA,NA,NA,NA,1,1,6,dry,NA,NA,NA,NA,NA,NA,NA,NA,NA,NA,NA,NA,NA,NA,NA,NA,NA,NA,NA,NA,NA,85.64816643,1176521.249,25103.42584,36.045,0,0,3.652,< 5%,16-Apr-20,17-Dec-20,245,ES1918,36.05,NA,NA,876,Yes
I712,6/10/2014,B5039,intest_biomes,twins,I,F,2/9/2014,121,sampled_as_juvenile,twin,twin_sub,FF,NA,NA,no_adoption,mum_alive,-0.8,NA,NA,NA,NA,NA,NA,1,1,6,dry,NA,NA,NA,NA,NA,NA,NA,NA,NA,NA,NA,NA,NA,NA,NA,NA,NA,NA,NA,NA,NA,NA,NA,NA,NA,NA,NA,NA,NA,NA,NA,NA,NA,NA,NA,NA,394,No
I723,1/2/2015,B6279,intest_biomes,social_dyn,I,F,4/12/2014,265,sampled_as_juvenile,singlt,NA,NA,NA,NA,no_adoption,mum_alive,0.59,NA,NA,NA,NA,NA,NA,1,1,1,wet,5200,600,1,25,1,4525,1,25,1,0,0,0,0,0,0,25,1,0,0,5,5,55.75223648,968972.8067,97335.63027,31.26,0,0,13.37,5 - 10%,8-Feb-21,9-Feb-21,1,ES2011,31.26,1424,0,NA,Yes
I723,2/19/2017,B8929,intest_biomes,social_dyn_extreme_ranks,I,F,4/12/2014,1044,sampled_as_adult,NA,NA,NA,NA,NA,NA,NA,NA,NA,NA,NA,NA,NA,0.61,NA,2,2,wet,18525,50,1,0,0,18475,1,0,0,0,0,0,0,0,0,0,0,0,0,2,2,38.12450926,95650.63204,527.3096624,44.619,0,0,3.183,< 5%,22-Jan-21,27-Jan-21,5,ES2607,44.62,1424,0,NA,Yes
I759,11/13/2015,B7274,intest_biomes,twins,I,M,7/4/2015,132,sampled_as_juvenile,twin,twin_sub,MM,NA,NA,no_adoption,mum_alive,0.83,NA,NA,NA,NA,NA,NA,2,2,11,wet,NA,NA,NA,NA,NA,NA,NA,NA,NA,NA,NA,NA,NA,NA,NA,NA,NA,NA,NA,NA,NA,NA,NA,NA,NA,NA,NA,NA,NA,NA,NA,NA,NA,NA,NA,NA,NA,No
I814,7/13/2017,B9185,intest_biomes,twins,I,F,1/9/2017,185,sampled_as_juvenile,twin,twin_dom,FF,6/24/2017,8/1/2017,no_adoption,mum_alive,-0.22,NA,NA,NA,NA,NA,NA,NA,2,7,dry,84800,4350,1,100,1,78650,1,0,0,25,1,0,0,1500,1,175,1,0,0,6,6,281.940784,441519.0308,15589.61344,42.167,0,0,7.701,< 5%,22-Jan-21,28-Jan-21,6,ES2673,42.17,NA,NA,359,No
I815,7/5/2017,B9123,intest_biomes,twins,I,F,1/9/2017,177,sampled_as_juvenile,twin,twin_sub,FF,6/24/2017,8/1/2017,no_adoption,mum_alive,-0.22,NA,NA,NA,NA,NA,NA,NA,1,7,dry,23025,1650,1,125,1,21250,1,0,0,0,0,0,0,0,0,0,0,0,0,3,3,215.561911,215771.6038,320.4577865,69.51,2.605024,1,9.473,< 5%,16-Apr-20,17-Dec-20,245,ES2653,69.51,NA,NA,NA,Yes
I823,5/22/2017,B9034,intest_biomes,twins,I,F,1/13/2017,129,sampled_as_juvenile,twin,twin_sub,FF,6/25/2017,NA,no_adoption,mum_alive,0.61,NA,NA,NA,NA,NA,NA,NA,2,5,dry,17675,4000,1,50,1,13625,1,0,0,0,0,0,0,0,0,0,0,0,0,3,3,142.1745853,593742.8774,356.2118751,NA,0,0,5.216,< 5%,16-Apr-20,17-Dec-20,245,ES2613,NA,NA,NA,NA,Yes
I823,7/9/2017,B9157,intest_biomes,twins,I,F,1/13/2017,177,sampled_as_juvenile,twin,twin_sub,FF,6/25/2017,NA,no_adoption,mum_alive,0.67,NA,NA,NA,NA,NA,NA,NA,2,7,dry,39825,4175,1,10325,1,25200,1,0,0,0,0,0,0,0,0,125,1,0,0,4,4,193.5064905,463918.9436,186.1263788,91.847,1.248,1,9.885,< 5%,16-Apr-20,17-Dec-20,245,ES2668,91.85,NA,NA,NA,Yes
I824,3/28/2017,B9030,intest_biomes,twins,I,F,1/13/2017,74,sampled_as_juvenile,twin,twin_dom,FF,6/25/2017,NA,no_adoption,mum_alive,0.58,NA,NA,NA,NA,NA,NA,NA,1,3,wet,4625,4600,1,25,1,0,0,0,0,0,0,0,0,0,0,0,0,0,0,2,2,117.6749794,610911.4058,16.92555934,30.866,0,0,15.88,5 - 10%,16-Apr-20,17-Dec-20,245,ES2612,30.87,NA,NA,NA,Yes
I824,7/9/2017,B9161,intest_biomes,twins,I,F,1/13/2017,177,sampled_as_juvenile,twin,twin_dom,FF,6/25/2017,NA,no_adoption,mum_alive,0.67,NA,NA,NA,NA,NA,NA,NA,2,7,dry,150,150,1,0,0,0,0,0,0,0,0,0,0,0,0,0,0,0,0,1,1,97.36186395,415295.6786,2134.816896,52.27,NA,NA,3.925,< 5%,18-Mar-21,23-Mar-21,5,ES2669,52.27,NA,NA,NA,Yes
M148,1/31/2006,X5461,intest_biomes,adoptions,M,F,5/19/1990,5736,sampled_as_adult,NA,NA,NA,NA,NA,NA,NA,NA,NA,NA,NA,NA,NA,-0.93,2,2,1,wet,NA,NA,NA,NA,NA,NA,NA,NA,NA,NA,NA,NA,NA,NA,NA,NA,NA,NA,NA,NA,NA,41.87386163,93579.64619,2.07046244,63.24,0,0,30.92,< 5%,24-Feb-20,16-Dec-20,296,ES706,63.24,2446,2,6364,Yes
M297,9/1/2008,X7127,intest_biomes,adoptions,M,F,3/8/1997,4195,sampled_as_adult,NA,NA,NA,NA,NA,NA,NA,NA,NA,NA,NA,NA,NA,-0.78,2,2,9,dry,NA,NA,NA,NA,NA,NA,NA,NA,NA,NA,NA,NA,NA,NA,NA,NA,NA,NA,NA,NA,NA,85.70892959,168444.3005,164.2640767,48.673,0,0,2.225,5 - 10%,24-Feb-20,27-Jan-21,338,ES991,48.67,1570,2,5115,Yes
M326,1/30/2009,X7622,intest_biomes,adoptions,M,F,3/1/1998,3988,sampled_as_adult,NA,NA,NA,NA,NA,NA,NA,NA,NA,NA,NA,NA,NA,-0.56,1,1,1,wet,NA,NA,NA,NA,NA,NA,NA,NA,NA,NA,NA,NA,NA,NA,NA,NA,NA,NA,NA,NA,NA,31.88388764,253331.9583,7.19107428,20.288,0,0,1.108,< 5%,8-Feb-21,9-Feb-21,1,ES1076,20.29,2372,0,5867,Yes
M326,11/2/2010,B1162,intest_biomes,adoptions,M,F,3/1/1998,4629,sampled_as_adult,NA,NA,NA,NA,NA,NA,NA,NA,NA,NA,NA,NA,NA,-0.29,2,2,11,wet,175,0,0,0,0,175,1,0,0,0,0,0,0,0,0,0,0,0,0,1,1,77.73640743,1150.453878,0,15.23,0,0,6.335,< 5%,24-Oct-17,30-Sep-20,1072,ES1451,15.23,2372,0,5867,Yes
M410,2/27/2009,X7935,intest_biomes,social_dyn_extreme_ranks,M,F,9/1/2000,3101,sampled_as_adult,NA,NA,NA,NA,NA,NA,NA,NA,NA,NA,NA,NA,NA,-0.78,1,1,2,wet,NA,NA,NA,NA,NA,NA,NA,NA,NA,NA,NA,NA,NA,NA,NA,NA,NA,NA,NA,NA,NA,31.60365325,284951.2627,18.30545145,55.328,0,0,12.74,< 5%,22-Jan-21,27-Jan-21,5,ES1095,55.33,2008,4,6013,Yes
M421,6/11/2009,X8286,intest_biomes,adoptions,M,F,7/26/2001,2877,sampled_as_adult,NA,NA,NA,NA,NA,NA,NA,NA,NA,NA,NA,NA,NA,0.89,3,3,6,dry,NA,NA,NA,NA,NA,NA,NA,NA,NA,NA,NA,NA,NA,NA,NA,NA,NA,NA,NA,NA,NA,54.73775696,28312.2487,47.23657021,58.884,0,0,5.559,5 - 10%,24-Feb-20,27-Jan-21,338,ES1125,58.88,1095,2,3621,Yes
M438,8/19/2008,X7063,intest_biomes,adoptions,M,F,1/30/2002,2393,sampled_as_adult,NA,NA,NA,NA,NA,NA,NA,NA,NA,NA,NA,NA,NA,0.17,2,2,8,dry,NA,NA,NA,NA,NA,NA,NA,NA,NA,NA,NA,NA,NA,NA,NA,NA,NA,NA,NA,NA,NA,30.53865904,49064.33895,3.725239965,47.02,0,0,1.724,5 - 10%,22-Jan-21,27-Jan-21,5,ES976,47.02,1716,2,4718,Yes
M477,11/14/2007,X6621,intest_biomes,adoptions,M,F,7/26/2003,1572,sampled_as_adult,NA,NA,NA,NA,NA,NA,NA,NA,NA,NA,NA,NA,NA,0.94,2,2,11,wet,NA,NA,NA,NA,NA,NA,NA,NA,NA,NA,NA,NA,NA,NA,NA,NA,NA,NA,NA,NA,NA,30.26269166,96000.35585,87.57961643,55,0,NA,4.19,5 - 10%,24-Feb-20,27-Jan-21,338,ES885,55,1204,1,2276,Yes
M491,12/28/2005,X4350,intest_biomes,adoptions,M,M,1/4/2004,724,sampled_as_juvenile,NA,NA,MM,NA,NA,adoption,mum_dead,NA,surrogate_mum1_alive,-0.93,NA,NA,2/16/2004,NA,3,3,12,wet,NA,NA,NA,NA,NA,NA,NA,NA,NA,NA,NA,NA,NA,NA,NA,NA,NA,NA,NA,NA,NA,323.348751,244794.3422,437.9671652,20.635,0,0,15.07,< 5%,8-Feb-21,9-Feb-21,1,ES673,20.64,NA,NA,NA,Yes
M532,2/6/2006,X5506,intest_biomes,social_dyn,M,F,8/31/2005,159,sampled_as_juvenile,twin,twin_sub,FF,NA,NA,no_adoption,mum_alive,0.43,NA,NA,NA,NA,NA,NA,2,2,2,wet,NA,NA,NA,NA,NA,NA,NA,NA,NA,NA,NA,NA,NA,NA,NA,NA,NA,NA,NA,NA,NA,84.93863469,365227.6063,5333.585636,26.566,0,0,10.51,< 5%,16-Apr-20,22-Mar-21,340,ES713,26.57,1058,2,4123,Yes
M532,6/3/2015,B6728,intest_biomes,social_dyn,M,F,8/31/2005,3563,sampled_as_adult,NA,NA,NA,NA,NA,NA,NA,NA,NA,NA,NA,NA,NA,0.55,1,1,6,dry,17925,100,1,300,1,17475,1,0,0,50,1,0,0,0,0,0,0,0,0,4,4,93.01511782,159931.6528,33.56395008,89.941,0,0,2.646,< 5%,16-Apr-20,17-Dec-20,245,ES2110,89.94,1058,2,4123,Yes
M550,9/15/2007,X6423,intest_biomes,social_dyn_twins,M,F,6/14/2006,458,sampled_as_juvenile,twin,twin_dom,mixed,2/21/2007,NA,no_adoption,mum_alive,-0.5,NA,NA,NA,NA,NA,NA,2,2,9,dry,NA,NA,NA,NA,NA,NA,NA,NA,NA,NA,NA,NA,NA,NA,NA,NA,NA,NA,NA,NA,NA,79.12843267,40006.34771,524.6805846,48.965,0,0,1.007,< 5%,16-Apr-20,16-Dec-20,244,ES834,48.97,1716,3,4434,Yes
M551,9/15/2007,X6425,intest_biomes,twins,M,M,6/14/2006,458,sampled_as_juvenile,twin,twin_sub,mixed,2/21/2007,NA,no_adoption,mum_alive,-0.5,NA,NA,NA,NA,NA,NA,2,2,9,dry,NA,NA,NA,NA,NA,NA,NA,NA,NA,NA,NA,NA,NA,NA,NA,NA,NA,NA,NA,NA,NA,80.77649082,68080.94518,481.1549472,27.779,0,0,6.333,< 5%,16-Apr-20,23-Mar-21,341,ES835,27.78,NA,NA,NA,Yes
M565,9/9/2016,B8154,intest_biomes,extreme_ranks,M,F,10/14/2006,3618,sampled_as_adult,NA,NA,NA,NA,NA,NA,NA,NA,NA,NA,NA,NA,NA,-1,2,2,9,dry,0,0,0,0,0,0,0,0,0,0,0,0,0,0,0,0,0,0,0,0,0,20.27038883,353226.11,22.97398187,13.455,0,0,6.148,< 5%,22-Jan-21,27-Jan-21,5,ES2418,13.46,1278,1,NA,Yes
M567,9/11/2007,X6415,intest_biomes,twins,M,M,3/15/2007,180,sampled_as_juvenile,twin,twin_sub,mixed,10/18/2007,NA,no_adoption,mum_alive,-0.72,NA,NA,NA,NA,NA,NA,2,2,9,dry,NA,NA,NA,NA,NA,NA,NA,NA,NA,NA,NA,NA,NA,NA,NA,NA,NA,NA,NA,NA,NA,124.9496811,589694.0918,569.7998245,21.19,0,0,1.086,< 5%,3-Nov-20,16-Dec-20,43,ES832,21.19,NA,NA,NA,Yes
M567,11/26/2007,X6689,intest_biomes,twins,M,M,3/15/2007,256,sampled_as_juvenile,twin,twin_sub,mixed,10/18/2007,NA,no_adoption,mum_alive,-0.76,NA,NA,NA,NA,NA,NA,2,2,11,wet,NA,NA,NA,NA,NA,NA,NA,NA,NA,NA,NA,NA,NA,NA,NA,NA,NA,NA,NA,NA,NA,83.16896083,48485.81053,180.3638637,24.696,0,0,3.837,< 5%,3-Nov-20,16-Dec-20,43,ES894,24.7,NA,NA,NA,Yes
M581,1/31/2008,X6824,intest_biomes,social_dyn,M,F,8/29/2007,155,sampled_as_juvenile,singlt,NA,NA,NA,NA,no_adoption,mum_alive,0.38,NA,NA,NA,NA,NA,NA,1,1,1,wet,NA,NA,NA,NA,NA,NA,NA,NA,NA,NA,NA,NA,NA,NA,NA,NA,NA,NA,NA,NA,NA,111.6863492,3575288.623,800.05232,46.752,0,0,3.815,< 5%,16-Apr-20,22-Mar-21,340,ES908,46.75,1132,3,NA,Yes
M581,7/26/2010,B610,intest_biomes,social_dyn,M,F,8/29/2007,1062,sampled_as_adult,NA,NA,NA,NA,NA,NA,NA,NA,NA,NA,NA,NA,NA,0.94,2,2,7,dry,25,25,1,0,0,0,0,0,0,0,0,0,0,0,0,0,0,0,0,1,1,22.30948684,207538.3274,22.96005699,23.317,0,0,1.339,< 5%,22-Jan-21,27-Jan-21,5,ES1385,23.32,1132,3,NA,Yes
M583,11/26/2007,X6685,intest_biomes,adoptions,M,M,9/4/2007,83,sampled_as_juvenile,singlt,NA,NA,NA,NA,adoption,mum_alive,0.94,surrogate_mum1_alive,0.88,NA,NA,9/15/2007,NA,2,2,11,wet,NA,NA,NA,NA,NA,NA,NA,NA,NA,NA,NA,NA,NA,NA,NA,NA,NA,NA,NA,NA,NA,547.2846023,2647529.395,1336.080731,187.154,2.313488,1,32.328,< 5%,3-Nov-20,22-Mar-21,139,ES893,187.15,NA,NA,NA,Yes
M583,2/19/2008,X6889,intest_biomes,adoptions,M,M,9/4/2007,168,sampled_as_juvenile,singlt,NA,NA,NA,NA,adoption,mum_alive,0.94,surrogate_mum1_alive,0.88,NA,NA,9/15/2007,NA,1,1,2,wet,NA,NA,NA,NA,NA,NA,NA,NA,NA,NA,NA,NA,NA,NA,NA,NA,NA,NA,NA,NA,NA,248.6879447,2533975.725,3290.34162,78.186,0,0,8.95,5 - 10%,3-Nov-20,23-Mar-21,140,ES924,78.19,NA,NA,NA,Yes
M584,2/20/2008,X6894,intest_biomes,adoptions,M,M,9/6/2007,167,sampled_as_juvenile,triplet,NA,MM,NA,NA,no_adoption,mum_alive,0.88,NA,NA,NA,NA,NA,NA,1,1,2,wet,NA,NA,NA,NA,NA,NA,NA,NA,NA,NA,NA,NA,NA,NA,NA,NA,NA,NA,NA,NA,NA,214.0469367,250197.2874,904.9067308,42.32,0,NA,18.42,5 - 10%,24-Feb-20,9-Feb-21,351,ES925,42.32,NA,NA,NA,No
M592,7/1/2008,X6988,intest_biomes,twins,M,M,12/10/2007,204,sampled_as_juvenile,twin,twin_sub,MM,5/27/2008,7/1/2008,no_adoption,mum_alive,0.61,NA,NA,NA,NA,NA,NA,2,2,7,dry,NA,NA,NA,NA,NA,NA,NA,NA,NA,NA,NA,NA,NA,NA,NA,NA,NA,NA,NA,NA,NA,156.0750603,454835.899,2714.836615,36.16,2147.8691,1,13.825,< 5%,16-Apr-20,23-Mar-21,341,ES950,36.16,NA,NA,NA,No
M593,7/1/2008,X6992,intest_biomes,twins,M,M,12/10/2007,204,sampled_as_juvenile,twin,twin_dom,MM,5/27/2008,7/1/2008,no_adoption,mum_alive,0.61,NA,NA,NA,NA,NA,NA,2,2,7,dry,NA,NA,NA,NA,NA,NA,NA,NA,NA,NA,NA,NA,NA,NA,NA,NA,NA,NA,NA,NA,NA,266.965403,4698152.141,3098.006629,60.525,136.60424,1,11.73,< 5%,16-Apr-20,16-Dec-20,244,ES951,60.52,NA,NA,NA,Yes
M595,11/12/2008,X7456,intest_biomes,adoptions,M,F,6/2/2008,163,sampled_as_juvenile,singlt,NA,NA,NA,NA,no_adoption,mum_alive,-0.5,NA,NA,NA,NA,NA,NA,3,3,11,wet,NA,NA,NA,NA,NA,NA,NA,NA,NA,NA,NA,NA,NA,NA,NA,NA,NA,NA,NA,NA,NA,74.51198937,131914.9946,1300.305928,44.128,0,0,4.27,< 5%,24-Feb-20,15-Dec-20,295,ES1025,44.13,NA,NA,181,No
M597,10/3/2008,X7442,intest_biomes,adoptions,M,F,6/24/2008,101,sampled_as_juvenile,twin,twin_dom,FF,NA,NA,no_adoption,mum_alive,-0.83,NA,NA,NA,NA,NA,NA,3,3,10,dry,NA,NA,NA,NA,NA,NA,NA,NA,NA,NA,NA,NA,NA,NA,NA,NA,NA,NA,NA,NA,NA,91.46286744,1994206.168,737.0866528,95.415,0,0,6.404,< 5%,24-Feb-20,22-Mar-21,392,ES1022,95.42,NA,NA,831,Yes
M597,5/16/2009,X8089,intest_biomes,adoptions,M,F,6/24/2008,326,sampled_as_juvenile,twin,twin_dom,FF,NA,NA,no_adoption,mum_alive,-0.78,NA,NA,NA,NA,NA,NA,3,3,5,dry,NA,NA,NA,NA,NA,NA,NA,NA,NA,NA,NA,NA,NA,NA,NA,NA,NA,NA,NA,NA,NA,68.06972526,374874.7016,1179.794567,33.223,0,0,15.816,< 5%,24-Feb-20,22-Mar-21,392,ES1108,33.22,NA,NA,831,Yes
M600,1/8/2009,X7579,intest_biomes,adoptions,M,F,6/18/2008,204,sampled_as_juvenile,twin,twin_sub,mixed,NA,NA,no_adoption,mum_alive,0.11,NA,NA,NA,NA,NA,NA,1,1,1,wet,NA,NA,NA,NA,NA,NA,NA,NA,NA,NA,NA,NA,NA,NA,NA,NA,NA,NA,NA,NA,NA,111.7151999,388884.3418,14.44878384,46.208,5.146869,1,8.822,5 - 10%,24-Feb-20,22-Mar-21,392,ES1064,46.21,1350,0,3544,Yes
M604,11/14/2008,X7466,intest_biomes,adoptions,M,F,8/9/2008,97,sampled_as_juvenile,twin,twin_sub,FF,10/10/2008,NA,adoption,mum_alive,-0.72,surrogate_mum1_alive,-0.56,NA,NA,12/16/2008,NA,3,3,11,wet,NA,NA,NA,NA,NA,NA,NA,NA,NA,NA,NA,NA,NA,NA,NA,NA,NA,NA,NA,NA,NA,NA,NA,NA,NA,NA,NA,NA,NA,NA,NA,NA,NA,NA,1424,0,3024,Yes
M604,3/3/2009,X7999,intest_biomes,adoptions_twins,M,F,8/9/2008,206,sampled_as_juvenile,twin,twin_sub,FF,10/10/2008,NA,adoption,mum_alive,-0.67,surrogate_mum1_alive,-0.56,NA,NA,12/16/2008,NA,1,1,3,wet,NA,NA,NA,NA,NA,NA,NA,NA,NA,NA,NA,NA,NA,NA,NA,NA,NA,NA,NA,NA,NA,219.6341415,8519217.47,2881.76266,98.317,0,0,10.1,< 5%,8-Feb-21,9-Feb-21,1,ES1098,98.32,1424,0,3024,Yes
M604,11/16/2010,B1287,intest_biomes,adoptions,M,F,8/9/2008,829,sampled_as_adult,NA,NA,NA,NA,NA,NA,NA,NA,NA,NA,NA,NA,NA,-0.52,2,2,11,wet,0,0,0,0,0,0,0,0,0,0,0,0,0,0,0,0,0,0,0,0,0,95.3701648,286656.7594,952.7651384,19.615,0,0,5.444,< 5%,7-Oct-17,30-Sep-20,1089,ES1477,19.62,1424,0,3024,Yes
M605,10/3/2008,X7448,intest_biomes,adoptions_twins,M,F,8/9/2008,55,sampled_as_juvenile,twin,twin_dom,FF,10/10/2008,NA,adoption,mum_alive,-0.77,surrogate_mum1_alive,-0.6,NA,NA,12/16/2008,NA,3,3,10,dry,NA,NA,NA,NA,NA,NA,NA,NA,NA,NA,NA,NA,NA,NA,NA,NA,NA,NA,NA,NA,NA,103.6240404,4356111.169,35866.93778,172.06,0,0,14.05,< 5%,24-Feb-20,9-Feb-21,351,ES1023,172.06,NA,NA,687,No
M605,1/8/2009,X7573,intest_biomes,adoptions_twins,M,F,8/9/2008,152,sampled_as_juvenile,twin,twin_dom,FF,10/10/2008,NA,adoption,mum_alive,-0.67,surrogate_mum1_alive,-0.56,NA,NA,12/16/2008,NA,1,1,1,wet,NA,NA,NA,NA,NA,NA,NA,NA,NA,NA,NA,NA,NA,NA,NA,NA,NA,NA,NA,NA,NA,154.3372008,3780555.375,185.9466601,217.939,1.386957,1,39.78,5 - 10%,8-Feb-21,9-Feb-21,1,ES1062,217.94,NA,NA,687,No
M608,2/27/2009,X7933,intest_biomes,adoptions,M,F,8/28/2008,183,sampled_as_juvenile,twin,twin_sub,mixed,NA,NA,no_adoption,mum_alive,-0.28,NA,NA,NA,NA,NA,NA,1,1,2,wet,NA,NA,NA,NA,NA,NA,NA,NA,NA,NA,NA,NA,NA,NA,NA,NA,NA,NA,NA,NA,NA,142.9020892,5141858.333,4038.331683,59.405,0,0,9.654,5 - 10%,24-Feb-20,15-Dec-20,295,ES1096,72.1,NA,NA,680,No
M615,2/4/2009,X7637,intest_biomes,twins,M,F,10/17/2008,110,sampled_as_juvenile,twin,twin_dom,mixed,NA,NA,no_adoption,mum_alive,-0.17,NA,NA,NA,NA,NA,NA,1,1,2,wet,NA,NA,NA,NA,NA,NA,NA,NA,NA,NA,NA,NA,NA,NA,NA,NA,NA,NA,NA,NA,NA,361.2833173,2000986.556,506.4238226,1065,26.431751,1,18.062,< 5%,16-Apr-20,23-Mar-21,341,ES1080,1065,1204,0,2942,Yes
M617,2/4/2009,X7642,intest_biomes,twins,M,M,10/17/2008,110,sampled_as_juvenile,twin,twin_sub,mixed,NA,NA,no_adoption,mum_alive,-0.17,NA,NA,NA,NA,NA,NA,1,1,2,wet,NA,NA,NA,NA,NA,NA,NA,NA,NA,NA,NA,NA,NA,NA,NA,NA,NA,NA,NA,NA,NA,202.1170021,4051437.499,4844.262219,50.77,9.6280094,1,9.21,5 - 10%,3-Nov-20,16-Dec-20,43,ES1081,50.77,NA,NA,NA,Yes
M633,11/25/2010,B1430,intest_biomes,social_dyn,M,F,4/14/2009,590,sampled_as_juvenile,twin,twin_sub,FF,NA,NA,no_adoption,mum_alive,1,NA,NA,NA,NA,NA,NA,3,3,11,wet,450,0,0,0,0,450,1,0,0,0,0,0,0,0,0,0,0,0,0,1,1,48.34990331,56723.15271,295.633601,11.79,0,0,2.797,< 5%,16-Apr-20,16-Dec-20,244,ES1484,11.79,949,3,NA,Yes
M633,12/9/2017,B9915,intest_biomes,social_dyn,M,F,4/14/2009,3161,sampled_as_adult,NA,NA,NA,NA,NA,NA,NA,NA,NA,NA,NA,NA,NA,1,NA,1,12,wet,125,125,1,0,0,0,0,0,0,0,0,0,0,0,0,0,0,0,0,1,1,36.72817181,25479.20158,123.2949583,168.218,0,0,3.463,< 5%,22-Jan-21,27-Jan-21,5,ES2815,168.22,949,3,NA,Yes
M636,11/15/2009,X8774,intest_biomes,twins,M,M,5/30/2009,169,sampled_as_juvenile,twin,twin_dom,MM,NA,NA,no_adoption,mum_alive,1,NA,NA,NA,NA,NA,NA,1,1,11,wet,NA,NA,NA,NA,NA,NA,NA,NA,NA,NA,NA,NA,NA,NA,NA,NA,NA,NA,NA,NA,NA,NA,NA,NA,NA,NA,NA,NA,NA,NA,NA,NA,NA,NA,NA,NA,NA,No
M637,10/16/2009,X8661,intest_biomes,twins,M,M,5/30/2009,139,sampled_as_juvenile,twin,twin_sub,MM,NA,NA,no_adoption,mum_alive,0.79,NA,NA,NA,NA,NA,NA,1,1,10,dry,NA,NA,NA,NA,NA,NA,NA,NA,NA,NA,NA,NA,NA,NA,NA,NA,NA,NA,NA,NA,NA,145.6385366,292113.1668,9.057447598,25.704,0,0,14.87,< 5%,16-Apr-20,16-Dec-20,244,ES1212,25.7,NA,NA,NA,No
M639,10/16/2009,X8667,intest_biomes,twins,M,M,6/5/2009,133,sampled_as_juvenile,twin,twin_sub,mixed,NA,NA,no_adoption,mum_alive,0.84,NA,NA,NA,NA,NA,NA,1,1,10,dry,NA,NA,NA,NA,NA,NA,NA,NA,NA,NA,NA,NA,NA,NA,NA,NA,NA,NA,NA,NA,NA,180.9412277,948808.4964,910.509542,98.99,0,0,8.057,5 - 10%,16-Apr-20,16-Dec-20,244,ES1214,98.99,NA,NA,NA,No
M659,6/26/2010,B318,intest_biomes,twins,M,M,4/3/2010,84,sampled_as_juvenile,twin,twin_dom,mixed,NA,NA,no_adoption,mum_alive,0.11,NA,NA,NA,NA,NA,NA,2,2,6,dry,1275,550,1,700,1,0,0,0,0,0,0,0,0,25,1,0,0,0,0,3,3,245.2259854,3502623.486,304.7738096,46.688,0,0,7.002,5 - 10%,16-Apr-20,16-Dec-20,244,ES1362,46.69,NA,NA,NA,No
M660,6/28/2010,B340,intest_biomes,twins,M,F,4/3/2010,86,sampled_as_juvenile,twin,twin_sub,mixed,NA,NA,no_adoption,mum_alive,0.11,NA,NA,NA,NA,NA,NA,2,2,6,dry,2575,575,1,250,1,1750,1,0,0,0,0,0,0,0,0,0,0,0,0,3,3,123.2366613,1818630.007,4574.933914,43.5,0,0,5.355,< 5%,7-Oct-17,7-Oct-20,1096,ES1364,43.5,NA,NA,124,No
M661,8/26/2010,B740,intest_biomes,twins,M,F,5/2/2010,116,sampled_as_juvenile,twin,twin_dom,mixed,NA,NA,no_adoption,mum_alive,0.54,NA,NA,NA,NA,NA,NA,2,2,8,dry,24350,23012.5,1,375,1,550,1,0,1,0,0,0,0,412.5,1,0,0,0,0,5,5,246.3776396,117518.1951,156.3643989,61.851,0,0,3.674,< 5%,21-Jun-17,3-Dec-20,1261,ES1400,61.85,1132,0,1362,Yes
M662,9/1/2010,B783,intest_biomes,twins,M,M,5/2/2010,122,sampled_as_juvenile,twin,twin_sub,mixed,NA,NA,no_adoption,mum_alive,0.54,NA,NA,NA,NA,NA,NA,1,1,9,dry,525,500,1,0,0,25,1,0,0,0,0,0,0,0,0,0,0,0,0,2,2,90.847412,7283.076604,52.11209268,14.74,0,0,5.845,< 5%,21-Jun-17,7-Oct-20,1204,ES1406,14.74,NA,NA,NA,Yes
M668,10/20/2010,B1065,intest_biomes,twins,M,F,6/14/2010,128,sampled_as_juvenile,twin,twin_sub,mixed,8/20/2010,NA,no_adoption,mum_alive,0.35,NA,NA,NA,NA,NA,NA,2,2,10,dry,3025,1425,1,0,0,1500,1,0,0,0,0,100,1,0,0,0,0,0,0,3,3,264.0470389,818052.1882,441.0999861,38.822,0,0,12.18,5 - 10%,16-Apr-20,16-Dec-20,244,ES1442,38.82,NA,NA,137,No
M669,10/1/2010,B923,intest_biomes,twins,M,M,6/14/2010,109,sampled_as_juvenile,twin,twin_dom,mixed,8/20/2010,NA,no_adoption,mum_alive,0.35,NA,NA,NA,NA,NA,NA,2,2,10,dry,29675,8325,1,0,0,21325,1,0,1,0,0,0,0,25,1,0,0,0,0,4,4,279.0051783,106612.9644,176.5767485,62.225,0,0,14.95,< 5%,24-Jun-17,7-Oct-20,1201,ES1426,62.23,NA,NA,NA,Yes
M701,7/4/2011,B2714,intest_biomes,twins,M,F,1/10/2011,175,sampled_as_juvenile,twin,twin_sub,FF,NA,NA,no_adoption,mum_alive,0.07,NA,NA,NA,NA,NA,NA,2,2,7,dry,14273,2923,1,0,0,11225,1,50,1,50,1,0,0,0,0,25,1,0,0,5,5,134.5409164,75007.34856,37.14522463,57.47,0,0,5.395,< 5%,19-Jul-17,27-Jan-21,1288,ES1641,57.47,1387,0,1772,Yes
M701,9/19/2011,B2867,intest_biomes,social_dyn,M,F,1/10/2011,252,sampled_as_juvenile,twin,twin_sub,FF,NA,NA,no_adoption,mum_alive,0.13,NA,NA,NA,NA,NA,NA,2,2,9,dry,250,0,0,125,1,125,1,0,1,0,0,0,0,0,0,0,0,0,0,3,3,50.43767577,317535.1738,3324.086736,52.762,0,0,12.81,< 5%,16-Apr-20,16-Dec-20,244,ES1666,52.76,1387,0,1772,Yes
M701,11/24/2014,B6149,intest_biomes,social_dyn,M,F,1/10/2011,1414,sampled_as_adult,NA,NA,NA,NA,NA,NA,NA,NA,NA,NA,NA,NA,NA,-0.09,2,2,11,wet,375,0,0,0,0,350,1,0,0,25,1,0,0,0,0,0,0,0,0,2,2,72.78007873,83759.39099,445.0625128,47.79,0,0,9.779,< 5%,8-Feb-21,9-Feb-21,1,ES1975,47.79,1387,0,1772,Yes
M702,7/4/2011,B2703,intest_biomes,twins,M,F,1/10/2011,175,sampled_as_juvenile,twin,twin_dom,FF,NA,NA,no_adoption,mum_alive,0.07,NA,NA,NA,NA,NA,NA,2,2,7,dry,1300,50,1,50,1,1175,1,0,0,0,0,0,0,0,0,0,0,25,1,4,3,113.8389463,51877.60908,37.07124889,82.49,0,0,5.149,5 - 10%,19-Jul-17,27-Jan-21,1288,ES1639,82.49,NA,NA,296,No
M706,10/28/2011,B2905,intest_biomes,social_dyn,M,F,2/18/2011,252,sampled_as_juvenile,singlt,NA,NA,NA,NA,no_adoption,mum_alive,0.79,NA,NA,NA,NA,NA,NA,2,2,10,dry,1725,25,1,0,0,1650,1,0,0,0,0,25,1,0,0,25,1,0,0,4,4,70.65850447,85695.2299,652.0927198,12.755,0,0,7.331,< 5%,16-Apr-20,16-Dec-20,244,ES1671,12.76,949,1,NA,Yes
M706,10/29/2015,B7187,intest_biomes,social_dyn,M,F,2/18/2011,1714,sampled_as_adult,NA,NA,NA,NA,NA,NA,NA,NA,NA,NA,NA,NA,NA,0.71,2,2,10,dry,150,0,0,0,0,125,1,0,0,0,0,0,0,0,0,0,0,25,1,2,1,66.87620569,100485.6642,16.44311443,25.595,0,0,3.709,5 - 10%,7-Oct-17,14-Dec-20,1164,ES2228,25.6,949,1,NA,Yes
M740,11/30/2012,B3543,intest_biomes,twins,M,M,6/28/2012,155,sampled_as_juvenile,twin,twin_dom,mixed,NA,NA,no_adoption,mum_alive,0.23,NA,NA,NA,NA,NA,NA,2,2,11,wet,300,175,1,50,1,0,0,0,0,0,0,50,1,0,0,25,1,0,0,4,4,206.626625,873580.1201,10369.62127,44.87,845.7833,1,13.94,< 5%,16-Apr-20,15-Dec-20,243,ES1785,44.87,NA,NA,NA,No
M744,12/1/2017,B9861,intest_biomes,extreme_ranks,M,F,6/20/2012,1990,sampled_as_adult,NA,NA,NA,NA,NA,NA,NA,NA,NA,NA,NA,NA,NA,-0.45,NA,1,12,wet,125,25,1,0,0,100,1,0,0,0,0,0,0,0,0,0,0,0,0,2,2,23.57881561,125092.1618,13.80508038,28.883,0,0,0.8301,< 5%,24-Feb-20,16-Dec-20,296,ES2834,28.88,1132,1,NA,Yes
M746,11/30/2012,B3538,intest_biomes,twins,M,F,6/28/2012,155,sampled_as_juvenile,twin,twin_sub,mixed,NA,NA,no_adoption,mum_alive,0.23,NA,NA,NA,NA,NA,NA,2,2,11,wet,275,0,0,225,1,0,0,0,0,0,0,0,0,0,0,50,2,0,0,2,2,104.3713063,502315.8725,6189.47696,14.125,4279.0106,1,7.886,5 - 10%,16-Apr-20,16-Dec-20,244,ES1784,14.13,1204,0,1988,Yes
M769,10/24/2013,B4345,intest_biomes,twins,M,M,5/14/2013,163,sampled_as_juvenile,twin,twin_dom,mixed,NA,NA,no_adoption,mum_alive,-0.24,NA,NA,NA,NA,NA,NA,2,2,10,dry,NA,NA,NA,NA,NA,NA,NA,NA,NA,NA,NA,NA,NA,NA,NA,NA,NA,NA,NA,NA,NA,NA,NA,NA,NA,NA,NA,NA,NA,NA,NA,NA,NA,NA,NA,NA,NA,Yes
M784,6/10/2014,B5027,intest_biomes,social_dyn,M,F,9/25/2013,258,sampled_as_juvenile,singlt,NA,NA,NA,NA,no_adoption,mum_alive,0.71,NA,NA,NA,NA,NA,NA,2,2,6,dry,900,650,1,650,1,0,0,50,1,0,0,0,0,0,0,50,1,0,0,4,4,172.7632243,898389.3263,4427.131828,21.99,0,0,3.92,< 5%,16-Apr-20,17-Dec-20,245,ES1916,21.99,1241,0,1585,Yes
M784,9/9/2016,B8149,intest_biomes,social_dyn,M,F,9/25/2013,1080,sampled_as_adult,NA,NA,NA,NA,NA,NA,NA,NA,NA,NA,NA,NA,NA,0.59,2,2,9,dry,0,0,0,0,0,0,0,0,0,0,0,0,0,0,0,0,0,0,0,0,0,27.13256894,256237.6738,14.57649567,28.505,0,0,1.277,< 5%,16-Apr-20,17-Dec-20,245,ES2417,28.51,1241,0,1585,Yes
M787,11/29/2014,B6255,intest_biomes,social_dyn,M,F,10/27/2013,398,sampled_as_juvenile,twin,twin_sub,FF,NA,NA,no_adoption,mum_alive,0.49,NA,NA,NA,NA,NA,NA,2,2,11,wet,43000,1150,1,1000,1,39275,1,0,0,0,0,25,1,0,0,1550,1,0,0,5,5,135.0033311,644483.6432,33.16757707,40.551,0,0,10.9,< 5%,16-Apr-20,17-Dec-20,245,ES1966,40.55,1095,0,1463,Yes
M787,11/2/2015,B7214,intest_biomes,social_dyn,M,F,10/27/2013,736,sampled_as_adult,NA,NA,NA,NA,NA,NA,NA,NA,NA,NA,NA,NA,NA,0.35,3,3,11,wet,475,0,0,0,0,400,1,0,0,0,0,0,0,0,0,75,1,0,0,2,2,67.70082937,23515.37512,15.80743731,14.673,0,0,16.94,< 5%,7-Oct-17,14-Dec-20,1164,ES2233,14.67,1095,0,1463,Yes
M791,11/28/2017,B9823,intest_biomes,social_dyn_extreme_ranks,M,F,11/17/2013,1472,sampled_as_adult,NA,NA,NA,NA,NA,NA,NA,NA,NA,NA,NA,NA,NA,0.86,NA,1,11,wet,900,100,1,775,1,0,0,0,0,0,0,0,0,0,0,25,1,0,0,3,3,45.80945268,120845.561,43.70784122,45.985,0,0,2.904,< 5%,24-Feb-20,16-Dec-20,296,ES2825,45.99,1058,0,NA,Yes
M813,2/16/2015,B6506,intest_biomes,twins,M,F,9/29/2014,140,sampled_as_juvenile,twin,twin_dom,FF,NA,NA,no_adoption,mum_alive,-0.69,NA,NA,NA,NA,NA,NA,2,2,2,wet,100,0,0,100,1,0,0,0,0,0,0,0,0,0,0,0,0,0,0,1,1,126.7458534,4047315.948,3693.209111,1677.941,0,0,9.24,< 5%,16-Apr-20,17-Dec-20,245,ES2045,1677.94,NA,NA,299,No
M819,2/16/2015,B6501,intest_biomes,twins,M,F,9/29/2014,140,sampled_as_juvenile,twin,twin_sub,FF,NA,NA,no_adoption,mum_alive,-0.69,NA,NA,NA,NA,NA,NA,2,2,2,wet,1050,1050,1,0,0,0,0,0,0,0,0,0,0,0,0,0,0,0,0,1,1,102.9994251,611703.3037,7849.72838,83.77,0,0,5.643,< 5%,16-Apr-20,17-Dec-20,245,ES2044,83.77,1606,0,NA,Yes
M887,7/15/2017,B9221,intest_biomes,twins,M,M,4/3/2017,103,sampled_as_juvenile,twin,twin_dom,mixed,8/12/2017,NA,no_adoption,mum_alive,0.33,NA,NA,NA,NA,NA,NA,NA,2,7,dry,1575,1525,1,50,1,0,0,0,0,0,0,0,0,0,0,0,0,0,0,2,2,76.7780743,96143.40693,3.170813214,79.441,0,0,8.831,< 5%,16-Apr-20,17-Dec-20,245,ES2661,79.44,NA,NA,NA,No
M887,12/27/2017,B9996,intest_biomes,twins,M,M,4/3/2017,268,sampled_as_juvenile,twin,twin_dom,mixed,8/12/2017,NA,no_adoption,mum_alive,0.33,NA,NA,NA,NA,NA,NA,NA,1,12,wet,4750,750,1,0,0,3550,1,0,0,0,0,400,1,0,0,50,1,0,0,4,4,48.61185632,76247.56745,1642.90693,20.918,0,0,5.736,< 5%,16-Apr-20,17-Dec-20,245,ES2857,20.92,NA,NA,NA,No
M903,3/1/2018,C129,intest_biomes,twins,M,M,8/21/2017,192,sampled_as_juvenile,twin,twin_dom,MM,NA,NA,no_adoption,mum_alive,-0.68,NA,NA,NA,NA,NA,NA,NA,3,3,wet,50,0,0,0,0,0,0,0,0,0,0,0,0,0,0,50,1,0,0,1,1,42.79185535,41237.41621,49.50827988,25.82,0,0,9.385,< 5%,16-Apr-20,17-Dec-20,245,ES2885,25.82,NA,NA,NA,Yes
P316,10/13/2010,B1008,intest_biomes,adoptions,P,F,7/27/1999,4096,sampled_as_adult,NA,NA,NA,NA,NA,NA,NA,NA,NA,NA,NA,NA,NA,-1,2,2,10,dry,1675,1575,1,0,0,0,0,0,0,0,0,50,1,0,0,0,0,50,1,3,2,425.5989917,960.4016888,78.52094083,52.065,0,0,4.606,< 5%,7-Oct-17,14-Dec-20,1164,ES1436,52.07,1424,1,5414,Yes
P423,11/14/2009,X8770,intest_biomes,adoptions,P,F,1/10/2004,2135,sampled_as_adult,NA,NA,NA,NA,NA,NA,NA,NA,NA,NA,NA,NA,NA,0.5,1,1,11,wet,NA,NA,NA,NA,NA,NA,NA,NA,NA,NA,NA,NA,NA,NA,NA,NA,NA,NA,NA,NA,NA,84.55215733,59615.85192,15.37647083,47.632,0,0,13.43,< 5%,24-Feb-20,16-Dec-20,296,ES1249,47.63,986,0,2462,Yes
P427,6/21/2004,X3300,intest_biomes,adoptions,P,M,2/28/2004,114,sampled_as_juvenile,singlt,NA,NA,NA,NA,no_adoption,mum_alive,0.11,NA,NA,NA,NA,NA,NA,2,2,6,dry,NA,NA,NA,NA,NA,NA,NA,NA,NA,NA,NA,NA,NA,NA,NA,NA,NA,NA,NA,NA,NA,NA,NA,NA,NA,NA,NA,NA,NA,NA,NA,NA,NA,NA,NA,NA,NA,No
P436,6/29/2004,X3322,intest_biomes,adoptions,P,M,4/15/2004,75,sampled_as_juvenile,NA,NA,mixed,NA,NA,adoption,mum_alive,-1,surrogate_mum1_alive,-0.33,NA,NA,5/16/2004,NA,2,2,6,dry,NA,NA,NA,NA,NA,NA,NA,NA,NA,NA,NA,NA,NA,NA,NA,NA,NA,NA,NA,NA,NA,NA,NA,NA,NA,NA,NA,NA,NA,NA,NA,NA,NA,NA,NA,NA,NA,Yes
P438,11/26/2017,B9813,intest_biomes,extreme_ranks,P,F,6/3/2004,4924,sampled_as_adult,NA,NA,NA,NA,NA,NA,NA,NA,NA,NA,NA,NA,NA,-0.21,NA,2,11,wet,25,25,1,0,0,0,0,0,0,0,0,0,0,0,0,0,0,0,0,1,1,17.42396487,46907.6239,22.53360618,27.895,0,0,3.505,< 5%,24-Feb-20,16-Dec-20,296,ES2833,27.9,1533,5,NA,Yes
P450,1/5/2018,C52,intest_biomes,extreme_ranks,P,F,4/19/2005,4644,sampled_as_adult,NA,NA,NA,NA,NA,NA,NA,NA,NA,NA,NA,NA,NA,0.89,NA,2,1,wet,0,0,0,0,0,0,0,0,0,0,0,0,0,0,0,0,0,0,0,0,0,46.28163556,108226.4024,20.27796274,31.82,0,0,2.078,5 - 10%,24-Feb-20,16-Dec-20,296,ES2867,31.82,1058,2,NA,Yes
P474,9/12/2016,B8175,intest_biomes,adoptions,P,F,1/6/2006,3902,sampled_as_adult,NA,NA,NA,NA,NA,NA,NA,NA,NA,NA,NA,NA,NA,0.35,2,2,9,dry,1425,0,0,0,0,1425,1,0,0,0,0,0,0,0,0,0,0,0,0,1,1,32.62074394,95634.53526,35.95013432,21.941,0,0,5.834,< 5%,22-Jan-21,27-Jan-21,5,ES2423,21.94,1278,4,4843,Yes
P474,1/16/2017,B8825,intest_biomes,adoptions,P,F,1/6/2006,4028,sampled_as_adult,NA,NA,NA,NA,NA,NA,NA,NA,NA,NA,NA,NA,NA,0.33,NA,2,1,wet,7075,200,1,225,1,6650,1,0,0,0,0,0,0,0,0,0,0,0,0,3,3,66.15487779,68013.76914,21.12906216,35.125,0,0,6.056,< 5%,24-Feb-20,16-Dec-20,296,ES2561,35.13,1278,4,4843,Yes
P489,9/21/2007,X6464,intest_biomes,social_dyn,P,F,6/16/2006,462,sampled_as_juvenile,twin,twin_dom,mixed,NA,NA,no_adoption,mum_alive,0.93,NA,NA,NA,NA,NA,NA,2,2,9,dry,NA,NA,NA,NA,NA,NA,NA,NA,NA,NA,NA,NA,NA,NA,NA,NA,NA,NA,NA,NA,NA,NA,NA,NA,NA,NA,NA,NA,NA,NA,NA,NA,NA,NA,1168,1,3432,Yes
P489,7/14/2009,X8435,intest_biomes,social_dyn,P,F,6/16/2006,1124,sampled_as_adult,NA,NA,NA,NA,NA,NA,NA,NA,NA,NA,NA,NA,NA,0.81,2,2,7,dry,NA,NA,NA,NA,NA,NA,NA,NA,NA,NA,NA,NA,NA,NA,NA,NA,NA,NA,NA,NA,NA,NA,NA,NA,NA,NA,NA,NA,NA,NA,NA,NA,NA,NA,1168,1,3432,Yes
P516,10/25/2007,X6587,intest_biomes,twins,P,F,7/30/2007,87,sampled_as_juvenile,singlt,NA,NA,NA,NA,no_adoption,mum_alive,-0.45,NA,NA,NA,NA,NA,NA,3,3,10,dry,NA,NA,NA,NA,NA,NA,NA,NA,NA,NA,NA,NA,NA,NA,NA,NA,NA,NA,NA,NA,NA,NA,NA,NA,NA,NA,NA,NA,NA,NA,NA,NA,NA,NA,1424,0,1440,Yes
P518,11/29/2007,X6757,intest_biomes,social_dyn,P,F,8/3/2007,118,sampled_as_juvenile,twin,twin_sub,FF,NA,NA,no_adoption,mum_alive,1,NA,NA,NA,NA,NA,NA,2,2,11,wet,NA,NA,NA,NA,NA,NA,NA,NA,NA,NA,NA,NA,NA,NA,NA,NA,NA,NA,NA,NA,NA,191.7797711,3745785.877,11342.2022,383.873,6.84114,1,10.502,< 5%,16-Apr-20,23-Mar-21,341,ES898,383.87,1132,3,4193,Yes
P518,1/5/2018,C47,intest_biomes,extreme_ranks,P,F,8/3/2007,3808,sampled_as_adult,NA,NA,NA,NA,NA,NA,NA,NA,NA,NA,NA,NA,NA,1,NA,2,1,wet,0,0,0,0,0,0,0,0,0,0,0,0,0,0,0,0,0,0,0,0,0,93.93299497,72513.60757,135.4064288,161.904,0,0,17.87,< 5%,24-Feb-20,16-Dec-20,296,ES2866,161.9,1132,3,4193,Yes
P529,2/18/2008,X6867,intest_biomes,social_dyn,P,F,10/18/2007,123,sampled_as_juvenile,twin,twin_sub,mixed,NA,NA,no_adoption,mum_alive,-0.24,NA,NA,NA,NA,NA,NA,1,1,2,wet,NA,NA,NA,NA,NA,NA,NA,NA,NA,NA,NA,NA,NA,NA,NA,NA,NA,NA,NA,NA,NA,133.9275807,5199582.942,4602.381361,473.317,0,0,7.086,5 - 10%,16-Apr-20,23-Mar-21,341,ES921,473.32,1241,3,NA,Yes
P529,9/1/2015,B6994,intest_biomes,social_dyn,P,F,10/18/2007,2875,sampled_as_adult,NA,NA,NA,NA,NA,NA,NA,NA,NA,NA,NA,NA,NA,0.28,2,2,9,dry,1600,0,0,0,0,1600,1,0,0,0,0,0,0,0,0,0,0,0,0,1,1,53.52774468,164208.6278,321.7704307,43.407,0,0,5.767,< 5%,16-Apr-20,17-Dec-20,245,ES2182,43.41,1241,3,NA,Yes
P557,10/21/2009,X8699,intest_biomes,adoptions,P,F,6/20/2009,123,sampled_as_juvenile,singlt,NA,NA,NA,NA,no_adoption,mum_alive,0.6,NA,NA,NA,NA,NA,NA,3,3,10,dry,NA,NA,NA,NA,NA,NA,NA,NA,NA,NA,NA,NA,NA,NA,NA,NA,NA,NA,NA,NA,NA,112.021273,236924.8797,1665.544958,44.13,0,0,20.992,< 5%,24-Feb-20,22-Mar-21,392,ES1226,97.06,NA,NA,634,No
P559,10/20/2009,X8691,intest_biomes,adoptions,P,F,6/25/2009,117,sampled_as_juvenile,twin,NA,FF,NA,NA,no_adoption,mum_alive,-1,NA,NA,NA,NA,NA,NA,3,3,10,dry,NA,NA,NA,NA,NA,NA,NA,NA,NA,NA,NA,NA,NA,NA,NA,NA,NA,NA,NA,NA,NA,70.81654718,352924.5341,423.9538104,19.713,0,0,11.787,5 - 10%,24-Feb-20,22-Mar-21,392,ES1223,19.71,NA,NA,436,No
P559,11/7/2009,X8749,intest_biomes,adoptions,P,F,6/25/2009,135,sampled_as_juvenile,twin,NA,FF,NA,NA,no_adoption,mum_alive,-1,NA,NA,NA,NA,NA,NA,3,3,11,wet,NA,NA,NA,NA,NA,NA,NA,NA,NA,NA,NA,NA,NA,NA,NA,NA,NA,NA,NA,NA,NA,42.19642653,38986.63083,15.37397209,17.89,0,0,1.442,5 - 10%,24-Feb-20,16-Dec-20,296,ES1242,17.89,NA,NA,436,No
P559,11/14/2009,X8766,intest_biomes,social_dyn,P,F,6/25/2009,142,sampled_as_juvenile,twin,NA,FF,NA,NA,no_adoption,mum_alive,-1,NA,NA,NA,NA,NA,NA,1,1,11,wet,NA,NA,NA,NA,NA,NA,NA,NA,NA,NA,NA,NA,NA,NA,NA,NA,NA,NA,NA,NA,NA,222.6253513,201916.0027,109.1109682,17.665,0,0,9.984,< 5%,16-Apr-20,16-Dec-20,244,ES1248,17.67,NA,NA,436,No
P561,10/20/2009,X8687,intest_biomes,adoptions,P,F,6/25/2009,117,sampled_as_juvenile,twin,NA,FF,NA,NA,adoption,mum_alive,-1,surrogate_mum1_alive,0.54,NA,NA,8/10/2009,NA,3,3,10,dry,NA,NA,NA,NA,NA,NA,NA,NA,NA,NA,NA,NA,NA,NA,NA,NA,NA,NA,NA,NA,NA,64.99594191,279424.136,995.0574963,25.832,0,0,9.314,5 - 10%,24-Feb-20,9-Feb-21,351,ES1222,25.83,NA,NA,157,No
P563,9/30/2009,X8572,intest_biomes,twins,P,M,7/9/2009,83,sampled_as_juvenile,twin,twin_dom,mixed,NA,NA,no_adoption,mum_alive,-0.45,NA,NA,NA,NA,NA,NA,2,2,9,dry,NA,NA,NA,NA,NA,NA,NA,NA,NA,NA,NA,NA,NA,NA,NA,NA,NA,NA,NA,NA,NA,94.11230005,455215.4673,760.7115406,15.574,0,0,2.109,< 5%,16-Apr-20,16-Dec-20,244,ES1192,15.57,NA,NA,NA,No
P564,9/23/2009,X8549,intest_biomes,twins,P,F,7/9/2009,76,sampled_as_juvenile,twin,twin_sub,mixed,NA,NA,no_adoption,mum_alive,-0.45,NA,NA,NA,NA,NA,NA,2,2,9,dry,NA,NA,NA,NA,NA,NA,NA,NA,NA,NA,NA,NA,NA,NA,NA,NA,NA,NA,NA,NA,NA,115.2368164,1145731.457,1468.478932,57.366,0,0,5.849,< 5%,16-Apr-20,16-Dec-20,244,ES1184,57.37,NA,NA,441,No
P566,11/10/2009,X8760,intest_biomes,adoptions,P,F,7/7/2009,126,sampled_as_juvenile,singlt,NA,NA,NA,NA,joint_raising,mum_alive,-0.06,surrogate_mum1_alive,-0.11,NA,NA,10/31/2009,NA,3,3,11,wet,NA,NA,NA,NA,NA,NA,NA,NA,NA,NA,NA,NA,NA,NA,NA,NA,NA,NA,NA,NA,NA,95.29019887,1233859.586,58.81012329,87.175,0,0,7.313,< 5%,24-Feb-20,16-Dec-20,296,ES1245,87.18,1314,1,2496,Yes
P587,7/5/2010,B425,intest_biomes,twins,P,F,3/21/2010,106,sampled_as_juvenile,twin,twin_sub,mixed,NA,NA,no_adoption,mum_alive,-0.12,NA,NA,NA,NA,NA,NA,2,2,7,dry,5975,5200,1,550,1,25,1,0,0,50,1,0,0,150,1,0,0,0,0,5,5,402.6287896,269486.0269,294.9080969,79.5,0,0,9.446,< 5%,7-Oct-17,30-Sep-20,1089,ES1359,NA,NA,NA,612,No
P589,3/28/2011,B2287,intest_biomes,social_dyn_twins,P,F,3/27/2010,366,sampled_as_juvenile,twin,twin_sub,mixed,7/5/2010,8/31/2010,no_adoption,mum_alive,0.69,NA,NA,NA,NA,NA,NA,1,1,3,wet,100,75,1,25,1,0,0,0,0,0,0,0,0,0,0,0,0,0,0,2,2,34.89976918,8145.014654,29.83799216,12.752,0,0,8.867,< 5%,10-Jul-17,15-Dec-20,1254,ES1584,12.75,1496,0,NA,Yes
P589,11/14/2014,B6359,intest_biomes,social_dyn,P,F,3/27/2010,1693,sampled_as_adult,NA,NA,NA,NA,NA,NA,NA,NA,NA,NA,NA,NA,NA,0.47,2,2,11,wet,750,0,0,0,0,750,1,0,0,0,0,0,0,0,0,0,0,0,0,1,1,35.80083822,313604.2942,27.84660532,25.576,0,0,19.161,< 5%,22-Jan-21,27-Jan-21,5,ES1944,25.07,1496,0,NA,Yes
P590,3/28/2011,B2293,intest_biomes,twins,P,M,3/27/2010,366,sampled_as_juvenile,twin,twin_dom,mixed,7/5/2010,8/31/2010,no_adoption,mum_alive,0.69,NA,NA,NA,NA,NA,NA,1,1,3,wet,0,0,0,0,0,0,0,0,0,0,0,0,0,0,0,0,0,0,0,0,0,30.17800609,10448.17488,15.2430753,17.855,0,0,8.439,< 5%,10-Jul-17,15-Dec-20,1254,ES1585,17.86,NA,NA,NA,Yes
P591,7/5/2010,B433,intest_biomes,twins,P,M,3/21/2010,106,sampled_as_juvenile,twin,twin_dom,mixed,NA,NA,no_adoption,mum_alive,-0.12,NA,NA,NA,NA,NA,NA,2,2,7,dry,4500,4450,1,25,1,0,0,0,0,0,0,0,0,25,1,0,0,0,0,3,3,303.0396282,9905643.86,39732.54246,84.79,2.343522,1,11.21,< 5%,16-Apr-20,16-Dec-20,244,ES1360,84.79,NA,NA,NA,No
P607,2/22/2011,B1892,intest_biomes,social_dyn_twins,P,F,8/30/2010,176,sampled_as_juvenile,twin,twin_dom,mixed,10/7/2010,NA,no_adoption,mum_alive,0.94,NA,NA,NA,NA,NA,NA,1,1,2,wet,2525,2525,1,0,0,0,0,0,1,0,0,0,0,0,0,0,0,0,0,2,2,94.43104835,16758.43608,396.6897456,39.194,0,0,2.637,< 5%,10-Jul-17,15-Dec-20,1254,ES1533,39.19,1132,1,NA,Yes
P608,2/22/2011,B1885,intest_biomes,twins,P,M,8/30/2010,176,sampled_as_juvenile,twin,twin_sub,mixed,10/7/2010,NA,no_adoption,mum_alive,0.94,NA,NA,NA,NA,NA,NA,1,1,2,wet,100,100,1,0,0,0,0,0,0,0,0,0,0,0,0,0,0,0,0,1,1,160.925459,31698.75906,691.7564454,17.445,0,0,3.005,< 5%,10-Jul-17,15-Dec-20,1254,ES1532,17.45,NA,NA,NA,Yes
P616,7/4/2012,B3242,intest_biomes,adoptions,P,F,9/20/2010,653,sampled_as_juvenile,singlt,NA,NA,NA,NA,no_adoption,mum_alive,-0.16,NA,NA,NA,NA,NA,NA,2,2,7,dry,15225,200,1,200,1,14800,1,0,0,0,0,0,0,0,0,0,0,25,1,4,3,73.66295,27725.52531,6.689320029,33.52,0,0,19.06,< 5%,8-Feb-21,9-Feb-21,1,ES1749,33.52,1716,1,2187,Yes
P617,3/17/2011,B2250,intest_biomes,twins,P,M,12/15/2010,92,sampled_as_juvenile,twin,twin_dom,MM,NA,NA,no_adoption,mum_alive,-0.03,NA,NA,NA,NA,NA,NA,2,2,3,wet,25,0,0,0,0,0,0,25,1,0,0,0,0,0,0,0,0,0,0,1,1,123.3163803,38223.24015,72.264835,24.505,0,0,3.266,< 5%,10-Jul-17,15-Dec-20,1254,ES1560,24.51,NA,NA,NA,No
P618,3/16/2011,B2198,intest_biomes,twins,P,M,12/15/2010,91,sampled_as_juvenile,twin,twin_sub,MM,NA,NA,no_adoption,mum_alive,-0.03,NA,NA,NA,NA,NA,NA,2,2,3,wet,3000,25,1,2925,1,0,0,0,0,0,0,0,0,0,0,50,1,0,0,3,3,110.2925378,389411.3812,285.9300822,22.95,0,0,5.923,< 5%,22-Jan-21,28-Jan-21,6,ES1558,22.95,NA,NA,NA,No
P632,11/17/2011,B2980,intest_biomes,social_dyn,P,F,2/18/2011,272,sampled_as_juvenile,twin,twin_sub,mixed,NA,NA,no_adoption,mum_alive,0.47,NA,NA,NA,NA,NA,NA,2,2,11,wet,NA,NA,NA,NA,NA,NA,NA,NA,NA,NA,NA,NA,NA,NA,NA,NA,NA,NA,NA,NA,NA,NA,NA,NA,NA,NA,NA,NA,NA,NA,NA,NA,NA,NA,1460,0,1927,Yes
P632,2/12/2015,B6492,intest_biomes,social_dyn,P,F,2/18/2011,1455,sampled_as_adult,NA,NA,NA,NA,NA,NA,NA,NA,NA,NA,NA,NA,NA,0.47,1,1,2,wet,NA,NA,NA,NA,NA,NA,NA,NA,NA,NA,NA,NA,NA,NA,NA,NA,NA,NA,NA,NA,NA,NA,NA,NA,NA,NA,NA,NA,NA,NA,NA,NA,NA,NA,1460,0,1927,Yes
P642,9/3/2016,B8097,intest_biomes,extreme_ranks,P,F,7/2/2011,1890,sampled_as_adult,NA,NA,NA,NA,NA,NA,NA,NA,NA,NA,NA,NA,NA,0.86,2,2,9,dry,4125,0,0,0,0,3800,1,0,0,0,0,0,0,0,0,0,0,325,1,2,1,27.41933568,53623.44949,66.45397804,53.805,0,0,5.77,5 - 10%,24-Feb-20,16-Dec-20,296,ES2405,53.81,1570,0,NA,Yes
P644,1/3/2017,B8751,intest_biomes,adoptions,P,F,9/10/2011,1942,sampled_as_adult,NA,NA,NA,NA,NA,NA,NA,NA,NA,NA,NA,NA,NA,-0.18,NA,1,1,wet,17600,100,1,3225,1,14225,1,0,0,0,0,0,0,0,0,0,0,50,1,4,3,141.5854042,1930950.257,4.02227609,49.137,0,0,41.05,5 - 10%,22-Jan-21,28-Jan-21,6,ES2545,49.14,1825,0,NA,Yes
P657,9/3/2012,B3321,intest_biomes,adoptions,P,F,10/29/2011,310,sampled_as_juvenile,twin,twin_dom,mixed,NA,NA,no_adoption,mum_alive,0.12,NA,NA,NA,NA,NA,NA,2,2,9,dry,500,25,1,350,1,0,0,25,1,0,0,0,0,0,0,100,1,0,0,4,4,70.41139393,341347.8207,1660.601482,30.388,0,0,7.427,5 - 10%,8-Feb-21,9-Feb-21,1,ES1741,30.39,1789,1,NA,Yes
P667,8/17/2016,B7947,intest_biomes,social_dyn_extreme_ranks,P,F,5/5/2012,1565,sampled_as_adult,NA,NA,NA,NA,NA,NA,NA,NA,NA,NA,NA,NA,NA,-0.64,2,2,8,dry,725,0,0,0,0,725,1,0,0,0,0,0,0,0,0,0,0,0,0,1,1,122.8266656,8836.833249,8.680021977,63.593,0,0,12.915,< 5%,22-Jan-21,27-Jan-21,5,ES2379,63.59,1168,2,NA,Yes
P673,9/13/2012,B3354,intest_biomes,twins,P,F,5/5/2012,131,sampled_as_juvenile,twin,twin_sub,FF,NA,NA,no_adoption,mum_alive,-1,NA,NA,NA,NA,NA,NA,2,2,9,dry,1825,1375,1,425,1,0,0,0,0,0,0,0,0,0,0,0,0,25,1,3,2,90.02422109,1362795.142,643.1763441,11.36,1.821535,1,5.26,< 5%,16-Apr-20,16-Dec-20,244,ES1755,11.36,NA,NA,220,No
P674,9/13/2012,B3358,intest_biomes,twins,P,F,5/5/2012,131,sampled_as_juvenile,twin,twin_dom,FF,NA,NA,no_adoption,mum_alive,-1,NA,NA,NA,NA,NA,NA,2,2,9,dry,325,325,1,0,0,0,0,0,0,0,0,0,0,0,0,0,0,0,0,1,1,206.5955963,1782652.836,945.0417474,39.605,8.701082,1,12.87,< 5%,16-Apr-20,16-Dec-20,244,ES1756,39.61,NA,NA,305,No
P701,6/25/2013,B4285,intest_biomes,twins,P,F,2/16/2013,129,sampled_as_juvenile,twin,twin_dom,FF,5/31/2013,NA,no_adoption,mum_alive,-0.89,NA,NA,NA,NA,NA,NA,2,2,6,dry,2075,2050,1,0,0,0,0,0,0,0,0,0,0,0,0,25,1,0,0,2,2,100.4813678,493780.5915,608.2630877,44.71,0,0,17.47,5 - 10%,16-Apr-20,17-Dec-20,245,ES1818,44.71,1424,1,2497,Yes
P703,6/25/2013,B4290,intest_biomes,twins,P,F,2/16/2013,129,sampled_as_juvenile,twin,twin_sub,FF,5/31/2013,NA,no_adoption,mum_alive,-0.89,NA,NA,NA,NA,NA,NA,2,2,6,dry,325,250,1,75,1,0,0,0,0,0,0,0,0,0,0,0,0,0,0,2,2,105.150746,1025047.738,4107.418359,41.1,0,0,11.67,< 5%,16-Apr-20,17-Dec-20,245,ES1819,41.1,NA,NA,403,No
P715,3/17/2014,B4940,intest_biomes,social_dyn,P,F,9/10/2013,188,sampled_as_juvenile,twin,twin_sub,FF,NA,NA,no_adoption,mum_alive,0.64,NA,NA,NA,NA,NA,NA,2,2,3,wet,650,525,1,0,0,0,0,0,0,0,0,50,1,0,0,75,1,0,0,3,3,125.5897521,495544.4833,18578.79934,17.68,0,0,2.523,< 5%,16-Apr-20,17-Dec-20,245,ES1907,17.68,NA,NA,1174,Yes
P715,6/29/2016,B7715,intest_biomes,social_dyn,P,F,9/10/2013,1023,sampled_as_adult,NA,NA,NA,NA,NA,NA,NA,NA,NA,NA,NA,NA,NA,0.55,2,2,6,dry,475,25,1,0,0,450,1,0,0,0,0,0,0,0,0,0,0,0,0,2,2,50.0190662,47360.25658,224.0194548,19,0,0,8.454,5 - 10%,16-Apr-20,17-Dec-20,245,ES2324,19,NA,NA,1174,Yes
P750,1/5/2015,B6288,intest_biomes,social_dyn,P,F,5/28/2014,222,sampled_as_juvenile,singlt,NA,NA,NA,NA,no_adoption,mum_alive,-0.89,NA,NA,NA,NA,NA,NA,1,1,1,wet,4575,1275,1,575,1,2300,1,75,1,NA,NA,25,1,125,1,200,1,0,0,7,7,96.61835443,479438.3076,1959.865011,25.48,0,0,3.897,5 - 10%,16-Apr-20,17-Dec-20,245,ES2013,25.48,1168,0,1633,Yes
P750,1/2/2017,B8742,intest_biomes,social_dyn,P,F,5/28/2014,950,sampled_as_adult,NA,NA,NA,NA,NA,NA,NA,NA,NA,NA,NA,NA,NA,-0.38,NA,1,1,wet,31675,75,1,875,1,30725,1,0,0,0,0,0,0,0,0,0,0,0,0,3,3,41.2891058,96143.40693,146.4785513,23.946,0,0,4.433,< 5%,16-Apr-20,17-Dec-20,245,ES2543,23.95,1168,0,1633,Yes
P755,2/10/2015,B6477,intest_biomes,adoptions,P,F,11/5/2014,97,sampled_as_juvenile,twin,twin_dom,mixed,NA,NA,no_adoption,mum_alive,-0.32,NA,NA,NA,NA,NA,NA,1,1,2,wet,NA,NA,NA,NA,NA,NA,NA,NA,NA,NA,NA,NA,NA,NA,NA,NA,NA,NA,NA,NA,NA,NA,NA,NA,NA,NA,NA,NA,NA,NA,NA,NA,NA,NA,1314,0,NA,Yes
P772,9/14/2017,B9444,intest_biomes,social_dyn,P,F,6/30/2015,807,sampled_as_adult,NA,NA,NA,NA,NA,NA,NA,NA,NA,NA,NA,NA,NA,0.63,NA,2,9,dry,50,50,1,0,0,0,0,0,0,0,0,0,0,0,0,0,0,0,0,1,1,68.66004715,52194.14636,64.62763923,14.267,0,0,20.63,< 5%,16-Apr-20,17-Dec-20,245,ES2726,NA,NA,NA,NA,Yes
P774,10/19/2015,B7103,intest_biomes,twins,P,M,7/6/2015,105,sampled_as_juvenile,twin,twin_dom,mixed,NA,NA,no_adoption,mum_alive,-0.76,NA,NA,NA,NA,NA,NA,2,2,10,dry,12400,11400,1,875,1,125,1,0,0,0,0,0,0,0,0,0,0,0,0,3,3,89.02375087,1208532.368,974.2675022,50.09,0.5561471,1,3.058,< 5%,16-Apr-20,17-Dec-20,245,ES2212,50.09,NA,NA,NA,No
P775,10/22/2015,B7118,intest_biomes,twins,P,F,7/6/2015,108,sampled_as_juvenile,twin,twin_sub,mixed,NA,NA,no_adoption,mum_alive,-0.76,NA,NA,NA,NA,NA,NA,2,2,10,dry,29000,6275,1,0,0,22700,1,25,1,0,0,0,0,0,0,0,0,0,0,3,3,76.69529207,538111.4901,3114.796227,31.07,0,0,8.29,< 5%,16-Apr-20,17-Dec-20,245,ES2216,31.07,NA,NA,126,No
P791,8/4/2016,B7901,intest_biomes,adoptions,P,F,1/21/2016,196,sampled_as_juvenile,twin,twin_dom,mixed,NA,NA,no_adoption,mum_alive,-0.09,NA,NA,NA,NA,NA,NA,2,2,8,dry,36225,0,0,0,0,35850,1,0,0,0,0,0,0,0,0,50,1,325,1,3,2,133.8891216,2512637.04,632.0470858,42.95,0,0,5.179,< 5%,22-Jan-21,28-Jan-21,6,ES2367,42.95,NA,NA,913,Yes
P795,9/12/2016,B8180,intest_biomes,adoptions,P,F,4/9/2016,156,sampled_as_juvenile,twin,twin_sub,mixed,8/13/2016,NA,joint_raising,mum_dead,NA,surrogate_mum1_alive,0.35,surrogate_mum2_alive,0.26,5/16/2016,NA,2,2,9,dry,25,0,0,0,0,0,0,25,1,0,0,0,0,0,0,0,0,0,0,1,1,88.12304374,690716.618,792.4783001,60.585,0,0,20.93,5 - 10%,24-Feb-20,15-Dec-20,295,ES2424,60.59,NA,NA,NA,Yes
P795,11/9/2016,B8423,intest_biomes,adoptions_twins,P,F,4/9/2016,214,sampled_as_juvenile,twin,twin_sub,mixed,8/13/2016,NA,joint_raising,mum_dead,NA,surrogate_mum1_alive,0.32,surrogate_mum2_alive,0.27,5/16/2016,NA,2,2,11,wet,3250,2175,1,350,1,0,0,0,0,0,0,0,0,50,1,675,1,0,0,4,4,89.19484046,186765.1174,10643.67942,51.595,0,0,3.036,< 5%,8-Feb-21,9-Feb-21,1,ES2490,51.6,NA,NA,NA,Yes
P796,11/9/2016,B8427,intest_biomes,adoptions_twins,P,M,4/9/2016,214,sampled_as_juvenile,twin,twin_dom,mixed,8/13/2016,NA,joint_raising,mum_dead,NA,surrogate_mum1_alive,0.32,NA,NA,5/16/2016,NA,2,2,11,wet,11250,1400,1,175,1,9375,1,25,1,0,0,0,0,0,0,275,1,0,0,5,5,111.1540838,160256.7659,1975.667395,35.105,3.013925,1,6.265,5 - 10%,8-Feb-21,9-Feb-21,1,ES2491,35.1,NA,NA,NA,Yes
P796,1/16/2017,B8833,intest_biomes,adoptions,P,M,4/9/2016,282,sampled_as_juvenile,twin,twin_dom,mixed,8/13/2016,NA,joint_raising,mum_dead,NA,surrogate_mum1_alive,0.33,NA,NA,5/16/2016,NA,NA,2,1,wet,9375,625,1,0,0,8750,1,0,0,0,0,0,0,0,0,0,0,0,0,2,2,87.59252133,185280.1611,1120.910326,14.861,NA,NA,22.25,< 5%,24-Feb-20,9-Feb-21,351,ES2563,14.86,NA,NA,NA,Yes
P801,10/15/2016,B8390,intest_biomes,adoptions,P,M,5/29/2016,139,sampled_as_juvenile,twin,NA,mixed,NA,NA,no_adoption,mum_alive,0.1,NA,NA,NA,NA,NA,NA,2,2,10,dry,3125,2075,1,325,1,0,0,0,0,0,0,0,0,0,0,725,1,0,0,3,3,150.4194157,323186.2461,76.91895194,91.74,0,0,9.663,< 5%,8-Feb-21,9-Feb-21,1,ES2480,91.74,NA,NA,NA,Yes
P805,11/15/2016,B8452,intest_biomes,adoptions,P,F,5/29/2016,170,sampled_as_juvenile,twin,NA,mixed,NA,NA,no_adoption,mum_alive,0.15,NA,NA,NA,NA,NA,NA,1,1,11,wet,42250,3500,1,50,1,38500,1,100,1,0,0,0,0,100,1,0,0,0,0,5,5,79.24311865,356389.1194,342.1968916,21.985,1.13215,1,3.393,5 - 10%,24-Feb-20,16-Dec-20,296,ES2498,21.99,NA,NA,NA,Yes
P809,11/15/2016,B8459,intest_biomes,adoptions,P,M,6/19/2016,149,sampled_as_juvenile,twin,twin_sub,mixed,NA,NA,no_adoption,mum_alive,0.75,NA,NA,NA,NA,NA,NA,1,1,11,wet,28625,175,1,25,1,28425,1,0,0,0,0,0,0,0,0,0,0,0,0,3,3,114.0192892,309251.9267,630.7020523,41.035,0,0,6.713,< 5%,24-Feb-20,16-Dec-20,296,ES2500,41.04,NA,NA,NA,Yes
P810,1/31/2017,B8861,intest_biomes,adoptions,P,M,6/11/2016,234,sampled_as_juvenile,twin,twin_dom,mixed,NA,NA,no_adoption,mum_alive,-0.74,NA,NA,NA,NA,NA,NA,NA,1,1,wet,425,200,1,75,1,150,1,0,0,0,0,0,0,0,0,0,0,0,0,3,3,64.98758268,323186.2461,1609.184757,33.086,0,0,6.041,5 - 10%,8-Feb-21,9-Feb-21,1,ES2571,33.09,NA,NA,NA,Yes
P812,9/20/2016,B8276,intest_biomes,adoptions,P,F,6/11/2016,101,sampled_as_juvenile,twin,twin_sub,mixed,NA,NA,no_adoption,mum_alive,-0.76,NA,NA,NA,NA,NA,NA,1,1,9,dry,41850,2050,1,37300,1,2425,1,50,1,0,0,25,1,0,0,0,0,0,0,5,5,105.2859197,567257.0355,8529.431286,17.04,0,0,6.411,< 5%,24-Feb-20,16-Dec-20,296,ES2448,17.04,NA,NA,NA,Yes
P814,10/14/2016,B8366,intest_biomes,twins,P,F,7/22/2016,84,sampled_as_juvenile,twin,twin_dom,mixed,NA,NA,no_adoption,mum_alive,1,NA,NA,NA,NA,NA,NA,3,3,10,dry,650,75,1,175,1,400,1,0,0,0,0,0,0,0,0,0,0,0,0,3,3,304.0124773,7259642.14,1.179859443,337.624,3829.3577,1,26.96,5 - 10%,16-Apr-20,28-Jan-21,287,ES2474,337.62,NA,NA,NA,Yes
P815,10/10/2016,B8332,intest_biomes,twins,P,M,7/22/2016,80,sampled_as_juvenile,twin,twin_sub,mixed,NA,NA,no_adoption,mum_alive,1,NA,NA,NA,NA,NA,NA,2,2,10,dry,34500,9800,1,24675,1,0,0,0,0,0,0,25,1,0,0,0,0,0,0,3,3,471.3832369,5701785.013,100.6002963,28.913,4.325197,1,33.49,< 5%,16-Apr-20,17-Dec-20,245,ES2464,28.91,NA,NA,NA,Yes
P816,10/9/2016,B8320,intest_biomes,adoptions,P,F,8/18/2016,52,sampled_as_juvenile,twin,twin_dom,mixed,NA,NA,no_adoption,mum_alive,0.19,NA,NA,NA,NA,NA,NA,2,2,10,dry,1075,625,1,425,1,0,0,0,0,0,0,25,1,0,0,0,0,0,0,3,3,344.8755762,6499436.461,436.558335,70.635,2.285851,1,27.09,5 - 10%,8-Feb-21,9-Feb-21,1,ES2461,70.64,NA,NA,111,No
P819,1/20/2017,B8846,intest_biomes,twins,P,F,8/10/2016,163,sampled_as_juvenile,twin,twin_dom,FF,2/14/2017,NA,no_adoption,mum_alive,-0.69,NA,NA,NA,NA,NA,NA,NA,3,1,wet,6425,0,0,0,0,6425,1,0,0,0,0,0,0,0,0,0,0,0,0,1,1,88.5436493,87588.24559,109.5326439,30.985,0,0,36.76,< 5%,16-Apr-20,17-Dec-20,245,ES2567,30.99,NA,NA,229,No
P819,3/15/2017,B9023,intest_biomes,twins,P,F,8/10/2016,217,sampled_as_juvenile,twin,twin_dom,FF,2/14/2017,NA,no_adoption,mum_alive,-0.68,NA,NA,NA,NA,NA,NA,NA,1,3,wet,5325,475,1,725,1,3500,1,0,0,0,0,0,0,0,0,625,1,0,0,4,4,99.86351572,897631.6751,805.2867665,41.187,495.43867,1,6.247,< 5%,16-Apr-20,17-Dec-20,245,ES2610,41.19,NA,NA,229,No
P820,12/19/2016,B8718,intest_biomes,twins,P,F,8/10/2016,131,sampled_as_juvenile,twin,twin_sub,FF,2/14/2017,NA,no_adoption,mum_alive,-0.69,NA,NA,NA,NA,NA,NA,NA,1,12,wet,75,75,1,0,0,0,0,0,0,0,0,0,0,0,0,0,0,0,0,1,1,34.62475339,90380.01936,287.0432699,11.005,0,0,1.796,< 5%,16-Apr-20,17-Dec-20,245,ES2537,11,NA,NA,NA,Yes
P820,2/23/2017,B8964,intest_biomes,twins,P,F,8/10/2016,197,sampled_as_juvenile,twin,twin_sub,FF,2/14/2017,NA,no_adoption,mum_alive,-0.68,NA,NA,NA,NA,NA,NA,NA,1,2,wet,100,75,1,0,0,25,1,0,0,0,0,0,0,0,0,0,0,0,0,2,2,101.1777477,187204.5199,128.6489995,NA,0,0,30.22,5 - 10%,8-Feb-21,9-Feb-21,1,ES2603,NA,NA,NA,NA,Yes
P823,11/28/2016,B8589,intest_biomes,twins,P,F,9/2/2016,87,sampled_as_juvenile,twin,twin_sub,FF,NA,NA,no_adoption,mum_alive,0.69,NA,NA,NA,NA,NA,NA,2,2,11,wet,NA,NA,NA,NA,NA,NA,NA,NA,NA,NA,NA,NA,NA,NA,NA,NA,NA,NA,NA,NA,NA,NA,NA,NA,NA,NA,NA,NA,NA,NA,NA,NA,NA,NA,1132,0,NA,Yes
P823,1/3/2017,B8748,intest_biomes,adoptions,P,F,9/2/2016,123,sampled_as_juvenile,twin,twin_sub,FF,NA,NA,no_adoption,mum_alive,0.69,NA,NA,NA,NA,NA,NA,NA,1,1,wet,15900,2250,1,75,1,13575,1,0,0,0,0,0,0,0,0,0,0,0,0,3,3,78.18194805,296934.2878,9789.747291,43.299,0,0,2.467,< 5%,8-Feb-21,9-Feb-21,1,ES2544,43.3,1132,0,NA,Yes
P824,11/29/2016,B8601,intest_biomes,twins,P,F,9/2/2016,88,sampled_as_juvenile,twin,twin_dom,FF,NA,NA,no_adoption,mum_alive,0.69,NA,NA,NA,NA,NA,NA,1,1,11,wet,NA,NA,NA,NA,NA,NA,NA,NA,NA,NA,NA,NA,NA,NA,NA,NA,NA,NA,NA,NA,NA,NA,NA,NA,NA,NA,NA,NA,NA,NA,NA,NA,NA,NA,NA,NA,NA,Yes
P827,1/2/2017,B8738,intest_biomes,adoptions,P,F,9/5/2016,119,sampled_as_juvenile,twin,twin_sub,NA,NA,NA,adoption,mum_dead,NA,surrogate_mum1_alive,-0.18,NA,NA,NA,NA,NA,1,1,wet,4700,4575,1,0,0,0,0,50,1,0,0,25,1,25,1,25,1,0,0,5,5,121.389157,4544810.269,375.5397906,155.553,0,0,29.47,< 5%,24-Feb-20,16-Dec-20,296,ES2542,155.55,NA,NA,146,No
P854,9/21/2017,B9474,intest_biomes,twins,P,M,5/29/2017,115,sampled_as_juvenile,twin,twin_sub,mixed,NA,NA,no_adoption,mum_alive,-0.21,NA,NA,NA,NA,NA,NA,NA,2,9,dry,400,350,1,0,0,0,0,0,0,0,0,0,0,0,0,50,1,0,0,2,2,72.67902454,59432.53424,2712.627223,19.85,0,0,3.971,< 5%,16-Apr-20,17-Dec-20,245,ES2734,19.85,NA,NA,NA,Yes
P857,9/21/2017,B9482,intest_biomes,twins,P,F,5/29/2017,115,sampled_as_juvenile,twin,twin_dom,mixed,NA,NA,no_adoption,mum_alive,-0.21,NA,NA,NA,NA,NA,NA,NA,2,9,dry,NA,NA,NA,NA,NA,NA,NA,NA,NA,NA,NA,NA,NA,NA,NA,NA,NA,NA,NA,NA,NA,NA,NA,NA,NA,NA,NA,NA,NA,NA,NA,NA,NA,NA,NA,NA,308,No
